순번,시도본부,소방서,119안전센터명,주소,전화번호,팩스번호
1,서울특별시,종로소방서,세종로119안전센터,서울특별시 종로구 율곡로 78(운니동 114-2),02-6981-5740,02-2187-8144
2,서울특별시,종로소방서,신교119안전센터,서울특별시 종로구 자하문로 93 (신교동),02-737-8119,02-2187-8145
3,서울특별시,종로소방서,종로119안전센터,서울특별시 종로구 돈화문로 30 (묘동),02-747-7119,02-2187-8146
4,서울특별시,종로소방서,연건119안전센터,서울특별시 종로구 대학로 91 (연건동),02-747-8119,02-2187-8147
5,서울특별시,종로소방서,신영119안전센터,서울특별시 종로구 진흥로 477 (신영동),02-391-0119,02-2187-8148
6,서울특별시,종로소방서,숭인119안전센터,서울특별시 종로구 숭인동길 63 (숭인동),02-929-0921,02-2187-8149
7,서울특별시,중부소방서,을지로119안전센터,서울특별시 중구 을지로45길 43(신당동),02-2235-0119,02-2235-0698
8,서울특별시,중부소방서,충무로119안전센터,서울특별시 중구 충무로 11(충무로3가),02-2265-0119,02-2285-1122
9,서울특별시,중부소방서,회현119안전센터,서울특별시 중구 소공로 30(회현동2가),02-775-0119,02-753-0119
10,서울특별시,중부소방서,신당119안전센터,서울특별시 중구 다산로8길 2(신당동),02-2238-0698,02-2254-0119
11,서울특별시,광진소방서,구의119안전센터,서울특별시 광진구 광나루로 480 (구의동),02-6981-6768,02-454-0118
12,서울특별시,광진소방서,능동119안전센터,서울특별시 광진구 능동로 242 (능동),02-6981-6781,02-3436-8119
13,서울특별시,광진소방서,중곡119안전센터,서울특별시 광진구 용마산로 150 (중곡동),02-6981-6791,02-2201-4119
14,서울특별시,용산소방서,한강로119안전센터,서울특별시 용산구 한강대로 167 (한강로2가),02-6943-1520,02-2187-8173
15,서울특별시,용산소방서,이태원119안전센터,서울특별시 용산구 이태원로 196 (이태원동),02-6943-1540,02-2187-8175
16,서울특별시,용산소방서,후암119안전센터,서울특별시 용산구 후암로 34 (후암동),02-6943-1550,02-2187-8176
17,서울특별시,용산소방서,이촌119안전센터,서울특별시 용산구 이촌로2가길 1 (이촌동),02-6943-1560,02-2187-8177
18,서울특별시,용산소방서,서빙고119안전센터,서울특별시 용산구 서빙고로67길 7 (서빙고동),02-6943-1570,02-2187-8178
19,서울특별시,동대문소방서,장안119안전센터,서울특별시 동대문구 장한로 34 (장안동),02-6942-1350,02-2187-8184
20,서울특별시,동대문소방서,청량리119안전센터,서울특별시 동대문구 왕산로 299 (청량리동),02-6942-1360,02-2187-8186
21,서울특별시,동대문소방서,전농119안전센터,서울특별시 동대문구 황물로 3 (전농동),02-6942-1365,02-2187-8187
22,서울특별시,동대문소방서,용두119안전센터,서울특별시 동대문구 왕산로 76 (용두동),02-6942-1370,02-2187-8188
23,서울특별시,동대문소방서,휘경119안전센터,서울특별시 동대문구 망우로 106 (휘경동),02-6942-1375,02-2187-8189
24,서울특별시,영등포소방서,영등포119안전센터,서울특별시 영등포구 문래로 197 (영등포동4가),02-6981-7150,02-6981-7170
25,서울특별시,영등포소방서,여의도119안전센터,서울특별시 영등포구 의사당대로 162 (여의도동),02-783-0119,02-785-1191
26,서울특별시,영등포소방서,당산119안전센터,서울특별시 영등포구 양평로 70-1 (당산동6가),02-2633-0119,02-2672-7118
27,서울특별시,영등포소방서,대림119안전센터,서울특별시 영등포구 도림로 212 (신길동),02-846-0119,02-831-0119
28,서울특별시,영등포소방서,신길119안전센터,서울특별시 영등포구 영등포로84길 31 (신길동),02-841-0119,02-834-0119
29,서울특별시,성북소방서,종암119안전센터,서울특별시 성북구 종암로27길 3 (종암동),02-6981-7351,02-2187-8205
30,서울특별시,성북소방서,돈암119안전센터,서울특별시 성북구 보문로 192 (삼선동4가),02-6981-7361,02-2187-8207
31,서울특별시,성북소방서,길음119안전센터,서울특별시 성북구 정릉로 321 (길음동),02-6981-7372,02-2187-8208
32,서울특별시,성북소방서,장위119안전센터,서울특별시 성북구 한천로 640 (장위동),02-6981-7383,02-2187-8209
33,서울특별시,은평소방서,진관119안전센터,서울특별시 은평구 통일로 962 (진관동),02-6981-6151,02-2178-8214
34,서울특별시,은평소방서,녹번119안전센터,서울특별시 은평구 은평로 245 (녹번동),02-6981-6171,02-2178-8215
35,서울특별시,은평소방서,역촌119안전센터,서울특별시 은평구 갈현로 80 (역촌동),02-6981-6181,02-2178-8216
36,서울특별시,은평소방서,수색119안전센터,서울특별시 은평구 수색로 320 (수색동),02-6981-6191,02-2178-8217
37,서울특별시,강남소방서,삼성119안전센터,서울특별시 강남구 테헤란로 629 (삼성동),02-6981-7556,02-539-9008
38,서울특별시,강남소방서,영동119안전센터,서울특별시 강남구 도산대로 320 (논현동),02-517-5119,02-542-0119
39,서울특별시,강남소방서,역삼119안전센터,서울특별시 강남구 역삼로 236 (역삼동),02-557-0109,02-508-1193
40,서울특별시,강남소방서,수서119안전센터,서울특별시 강남구 광평로31길 6 (수서동),02-445-9019,02-451-0019
41,서울특별시,강남소방서,개포119안전센터,서울특별시 강남구 논현로 10길 19 (개포동),02-577-2540,02-529-1119
42,서울특별시,강남소방서,세곡119안전센터,서울특별시 강남구 밤고개로 268 (율현동),02-451-0882,02-451-0883
43,서울특별시,서초소방서,반포119안전센터,서울특별시 서초구 사평대로 67 (반포동),02-534-0119,02-599-0119
44,서울특별시,서초소방서,방배119안전센터,서울특별시 서초구 남부순환로 2155 (방배동),02-582-0119,02-523-9119
45,서울특별시,서초소방서,양재119안전센터,서울특별시 서초구 동산로 9 (양재동),02-572-5523,02-508-1193
46,서울특별시,서초소방서,서초119안전센터,서울특별시 서초구 효령로 400 (서초동),02-3473-0119,02-3486-2729
47,서울특별시,서초소방서,잠원119안전센터,서울특별시 서초구 서초중앙로29길 6 (반포동),02-532-7119,02-594-3119
48,서울특별시,서초소방서,우면119안전센터,서울특별시 서초구 남부순환로340길 49 (서초동),02-522-6119,02-598-3063
49,서울특별시,강서소방서,등촌119안전센터,서울특별시 강서구 양천로 550 (등촌동),02-6981-5120,02-3662-0590
50,서울특별시,강서소방서,화곡119안전센터,서울특별시 강서구 까치산로 49 (화곡동),02-6981-5170,02-2694-6119
51,서울특별시,강서소방서,발산119안전센터,서울특별시 강서구 강서로 329 (내발산동),02-6981-5175,02-2664-0962
52,서울특별시,강서소방서,방화119안전센터,서울특별시 강서구 금낭화로26길 10 (방화동),02-6981-5180,02-2666-1781
53,서울특별시,강서소방서,개화119안전센터,서울특별시 강서구 개화동로19길 8 (개화동),02-6981-5185,02-2662-7191
54,서울특별시,강서소방서,마곡119안전센터,서울특별시 강서구 마곡서로 9 (마곡동),02-6981-5190,02-2665-6119
55,서울특별시,강동소방서,성내119안전센터,서울특별시 강동구 성내로 39 (성내동),02-6981-7750,02-6981-7717
56,서울특별시,강동소방서,천호119안전센터,서울특별시 강동구 진황도로 37 (천호동),02-474-1721,02-476-0119
57,서울특별시,강동소방서,고덕119안전센터,서울특별시 강동구 양재대로156길 133 (고덕동),02-426-0431,02-441-0119
58,서울특별시,강동소방서,암사119안전센터,서울특별시 강동구 올림픽로 815 (암사동),02-429-0427,02-3426-2119
59,서울특별시,강동소방서,길동119안전센터,서울특별시 강동구 천중로 215 (길동),02-487-6119,02-486-1727
60,서울특별시,강동소방서,강일119안전센터,서울특별시 강동구 고덕로98길 22 (강일동),02-6981-7790,02-429-0121
61,서울특별시,마포소방서,신수119안전센터,서울특별시 마포구 창전로 76 (신수동),02-6981-7930,02-2187-8264
62,서울특별시,마포소방서,염리119안전센터,서울특별시 마포구 토정로 37길 27 (염리동),02-713-0965,02-2187-8265
63,서울특별시,마포소방서,서교119안전센터,서울특별시 마포구 양화로 60 (서교동),02-3143-2119,02-2187-8266
64,서울특별시,마포소방서,성산119안전센터,서울특별시 마포구 월드컵북로 240 (성산동),02-304-0119,02-2187-8267
65,서울특별시,마포소방서,공덕119안전센터,서울특별시 마포구 만리재옛길 82 (공덕동),02-3274-0976,02-2187-8268
66,서울특별시,마포소방서,상암119안전센터,서울특별시 마포구 월드컵북로 42길 34 (상암동),02-309-5119,02-2187-8269
67,서울특별시,도봉소방서,방학119안전센터,서울특별시 도봉구 도봉로 666 (방학동),02-6981-8180,02-3493-1119
68,서울특별시,도봉소방서,도봉119안전센터,서울특별시 도봉구 도봉로 721 (방학동),02-6981-8182,02-6981-8183
69,서울특별시,도봉소방서,창동119안전센터,서울특별시 도봉구 해등로 25 (창동),02-6981-8184,02-6981-8185
70,서울특별시,도봉소방서,쌍문119안전센터,서울특별시 도봉구 노해로 152 (쌍문동),02-6981-8186,02-6981-8187
71,서울특별시,구로소방서,수궁119안전센터,서울특별시 구로구 오리로 1285 (궁동),02-6981-6372,02-2613-0119
72,서울특별시,구로소방서,고척119안전센터,서울특별시 구로구 고척로 195 (고척동),02-6981-6378,02-2616-0119
73,서울특별시,구로소방서,구로119안전센터,서울특별시 구로구 구로동로 175 (구로동),02-6981-6384,02-864-0119
74,서울특별시,구로소방서,신도림119안전센터,서울특별시 구로구 경인로59길 57 (신도림동),02-6981-6390,02-2671-2119
75,서울특별시,구로소방서,공단119안전센터,서울특별시 구로구 디지털로34길 56 (구로동),02-6981-6396,02-837-7119
76,서울특별시,노원소방서,하계119안전센터,서울특별시 노원구 한글비석로1길 8 (하계동),02-6981-6940,02-979-6119
77,서울특별시,노원소방서,상계119안전센터,서울특별시 노원구 노원로26길 111 (상계동),02-6981-6969,02-3392-2736
78,서울특별시,노원소방서,공릉119안전센터,서울특별시 노원구 화랑로 482 (공릉동),02-6981-6979,02-975-0616
79,서울특별시,노원소방서,월계119안전센터,서울특별시 노원구 월계로 323 (월계동),02-6981-6989,02-907-0397
80,서울특별시,노원소방서,수락119안전센터,서울특별시 노원구 동일로 1694 (상계동),02-6981-6999,02-939-6119
81,서울특별시,관악소방서,관악119안전센터,서울특별시 관악구 관악로 97 (봉천동),02-6981-8340,02-877-4119
82,서울특별시,관악소방서,봉천119안전센터,서울특별시 관악구 은천로 54 (봉천동),02-886-0119,02-877-2143
83,서울특별시,관악소방서,신림119안전센터,서울특별시 관악구 봉천로 202 (신림동),02-874-0119,02-878-2069
84,서울특별시,관악소방서,난곡119안전센터,서울특별시 관악구 난곡로 243 (신림동),02-859-0119,02-839-3119
85,서울특별시,송파소방서,마천119안전센터,서울특별시 송파구 오금로51길 56 (마천동),02-6981-5343,
86,서울특별시,송파소방서,거여119안전센터,서울특별시 송파구 마천로 329 (마천동),02-6981-5362,02-6981-5365
87,서울특별시,송파소방서,방이119안전센터,서울특별시 송파구 강동대로 286 (방이동),02-6981-5370,02-6981-5373
88,서울특별시,송파소방서,잠실119안전센터,서울특별시 송파구 석촌호수로 151 (잠실동),02-6981-5378,02-6981-5381
89,서울특별시,송파소방서,종합운동장119안전센터,서울특별시 송파구 올림픽로 25 (잠실동),02-6981-5387,02-6981-5389
90,서울특별시,송파소방서,가락119안전센터,서울특별시 송파구 양재대로 932 (가락동),02-6981-5394,02-6981-5397
91,서울특별시,양천소방서,양천119안전센터,서울특별시 양천구 목동서로 180 (목동),02-6981-8750,02-2187-8324
92,서울특별시,양천소방서,신정119안전센터,서울특별시 양천구 신월로 268 (신정동),02-6981-8760,02-2187-8325
93,서울특별시,양천소방서,목동119안전센터,서울특별시 양천구 안양천로 1139 (목동),02-6981-8765,02-2187-8326
94,서울특별시,양천소방서,신월119안전센터,서울특별시 양천구 남부순환로 448 (신월동),02-6981-8790,02-2187-8327
95,서울특별시,양천소방서,신트리119안전센터,서울특별시 양천구 신정로 238 (신정동),02-6981-8795,02-2187-8328
96,서울특별시,중랑소방서,신내119안전센터,서울특별시 중랑구 신내로 183 (신내동),02-6981-8850,02-3422-1195
97,서울특별시,중랑소방서,면목119안전센터,서울특별시 중랑구 동일로 475 (면목동),02-6981-8962,02-435-0119
98,서울특별시,중랑소방서,망우119안전센터,서울특별시 중랑구 용마산로 524 (망우동),02-6981-8972,02-432-0119
99,서울특별시,중랑소방서,중화119안전센터,서울특별시 중랑구 동일로 783 (중화동),02-6981-8982,02-2207-0119
100,서울특별시,동작소방서,동작119안전센터,서울특별시 동작구 여의대방로16길 55 (신대방동),02-6913-7871,02-847-0900
101,서울특별시,동작소방서,노량진119안전센터,서울특별시 동작구 노량진로 187 (노량진동),02-6913-7881,02-813-5119
102,서울특별시,동작소방서,상도119안전센터,서울특별시 동작구 국사봉1길 17 (상도동),02-6913-7888,02-825-0693
103,서울특별시,동작소방서,백운119안전센터,서울특별시 동작구 사당로 63 (상도동),02-6913-7895,02-816-0709
104,서울특별시,서대문소방서,연희119안전센터,서울특별시 서대문구 연희로 182 (연희동),02-6981-5520,02-2187-8354
105,서울특별시,서대문소방서,북가좌119안전센터,서울특별시 서대문구 증가로 242 (북가좌동),02-6981-5539,02-2187-8356
106,서울특별시,서대문소방서,홍은119안전센터,서울특별시 서대문구 홍은중앙로 83 (홍은동),02-6981-5549,02-2187-8357
107,서울특별시,서대문소방서,북아현119안전센터,서울특별시 서대문구 북아현로 37 (북아현동),02-6981-5559,02-2187-8358
108,서울특별시,강북소방서,번동119안전센터,서울특별시 강북구 한천로 911 (번동),02-6946-0250,02-6946-0229
109,서울특별시,강북소방서,우이119안전센터,서울특별시 강북구 삼각산로 111 (수유동),02-904-0119,02-998-9116
110,서울특별시,강북소방서,미아119안전센터,서울특별시 강북구 도봉로 125 (미아동),02-983-9111,02-981-0119
111,서울특별시,강북소방서,삼각산119안전센터,서울특별시 강북구 솔샘로 208 (미아동),02-983-5119,02-984-5119
112,서울특별시,성동소방서,행당119안전센터,서울특별시 성동구 살곶이길 331(행당동),02-2622-1740,02-2622-1749
113,서울특별시,성동소방서,성수119안전센터,서울특별시 성동구 뚝섬로 452(성수동2가),02-2622-1751,02-2622-1759
114,서울특별시,성동소방서,왕십리119안전센터,서울특별시 성동구 고산자로 249(도선동),02-2622-1761,02-2622-1769
115,서울특별시,성동소방서,금호119안전센터,서울특별시 성동구 난계로 19(금호동1가),02-2622-1771,02-2622-1779
116,서울특별시,금천소방서,시흥119안전센터,서울특별시 금천구 시흥대로45길 31 시흥119안전센터,02-6981-6552,02-2187-8385
118,부산광역시,중부소방서,중앙119안전센터,부산광역시 중구 중앙대로 110(중앙동4가),051-760-6111,051-760-6119
119,부산광역시,중부소방서,부민119안전센터,부산광역시 서구 임시수도기념로 21-4(부민동3가),051-760-6121,051-760-6129
120,부산광역시,중부소방서,충무119안전센터,부산광역시 서구 충무대로 186(남부민동),051-760-6131,051-760-6139
121,부산광역시,중부소방서,창선119안전센터,부산광역시 중구 대청로 68-1(부평동1가),051-760-6141,051-760-6149
122,부산광역시,중부소방서,초량119안전센터,부산광역시 동구 중앙대로 260번길 7(초량동),051-760-6151,051-760-6159
123,부산광역시,부산진소방서,부전119안전센터,부산광역시 부산진구 서전로 43(전포동),051-760-6211,051-760-6219
124,부산광역시,부산진소방서,범일119안전센터,부산광역시 동구 범일로 115(범일동),051-760-6221,051-760-6229
125,부산광역시,부산진소방서,수정119안전센터,부산광역시 동구 중앙대로 383-1(수정동),051-760-6231,051-760-6239
126,부산광역시,부산진소방서,가야119안전센터,부산광역시 부산진구 가야대로 627(가야동),051-760-6241,051-760-6249
127,부산광역시,부산진소방서,부암119안전센터,부산광역시 부산진구 신천대로 282(부암동),051-760-6251,051-760-6259
128,부산광역시,부산진소방서,당감119안전센터,부산광역시 부산진구 백양산로53번길 65(당감동),051-760-6261,051-760-6269
129,부산광역시,부산진소방서,안창119안전센터,부산광역시 동구 안창로 62(범일동),051-760-6271,051-760-6279
130,부산광역시,동래소방서,연산119안전센터,부산광역시 연제구 고분로 216(연산동),051-760-6311,051-760-6319
131,부산광역시,동래소방서,수안119안전센터,부산광역시 동래구 명륜로45번길 7(수안동),051-760-6321,051-760-6329
132,부산광역시,동래소방서,온천119안전센터,부산광역시 동래구 우장춘로 196(온천동),051-760-6331,051-760-6339
133,부산광역시,동래소방서,양정119안전센터,부산광역시 부산진구 연수로 44(양정동),051-760-6341,051-760-6349
134,부산광역시,동래소방서,사직119안전센터,부산광역시 동래구 체육공원로 74(사직동),051-760-6351,051-760-6359
135,부산광역시,북부소방서,삼락119안전센터,부산광역시 사상구 삼덕로 17(삼락동),051-760-6411,051-760-6419
136,부산광역시,북부소방서,감전119안전센터,부산광역시 사상구 가야대로 41(감전동),051-760-6421,051-760-6429
137,부산광역시,북부소방서,구포119안전센터,부산광역시 북구 만덕대로 31(덕천동),051-760-6431,051-760-6439
138,부산광역시,북부소방서,화명119안전센터,부산광역시 북구 금곡대로 184(화명동),051-760-6451,051-760-6459
139,부산광역시,북부소방서,주례119안전센터,부산광역시 사상구 양지로22번길 7(주례동),051-760-6461,051-760-6469
140,부산광역시,북부소방서,모라119안전센터,부산광역시 사상구 백양대로 950(모라동),051-760-6471,051-760-6479
141,부산광역시,북부소방서,학장119안전센터,부산광역시 사상구 학감대로 89(학장동),051-760-6481,051-760-6489
142,부산광역시,북부소방서,금곡119안전센터,부산광역시 북구 금곡대로616번길 151(금곡동),051-760-6491,051-760-6499
143,부산광역시,북부소방서,만덕119안전센터,부산광역시 북구 함박봉로 142(만덕동),051-760-6441,051-760-6449
144,부산광역시,사하소방서,신평119안전센터,부산광역시 사하구 장평로 270(신평동),051-760-6512,051-760-6519
145,부산광역시,사하소방서,괴정119안전센터,부산광역시 사하구 낙동대로 262(괴정동),051-760-6522,051-760-6529
146,부산광역시,사하소방서,하단119안전센터,부산광역시 사하구 낙동남로 1407(하단동),051-760-6532,051-760-6539
147,부산광역시,사하소방서,다대119안전센터,부산광역시 사하구 다대로 622(다대동),051-760-6542,051-760-6549
148,부산광역시,사하소방서,감천119안전센터,부산광역시 사하구 원양로 405(감천동),051-760-6552,051-760-6559
149,부산광역시,해운대소방서,우동119안전센터,부산광역시 해운대구 해운대해변로 106(우동),051-760-6611,051-760-6619
150,부산광역시,해운대소방서,중동119안전센터,부산광역시 해운대구 달맞이길 117번길 72(중동),051-760-6621,051-760-6629
151,부산광역시,해운대소방서,반여119안전센터,부산광역시 해운대구 선수촌로 21번길 64(반여동),051-760-6631,051-760-6639
152,부산광역시,해운대소방서,센텀119안전센터,부산광역시 해운대구 센텀동로 50(우동),051-760-6651,051-760-6659
153,부산광역시,해운대소방서,좌동119안전센터,부산광역시 해운대구 대천로67번길 35(좌동),051-760-6641,051-760-6649
154,부산광역시,해운대소방서,반송119안전센터,부산광역시 해운대구 아랫반송로 10(반송동),051-760-6661,051-760-6669
155,부산광역시,금정소방서,부곡119안전센터,부산광역시 금정구 중앙대로 1789(부곡동),051-760-6711,051-760-6719
156,부산광역시,금정소방서,서동119안전센터,부산광역시 동래구 반송로 331(명장동),051-760-6721,051-760-6729
157,부산광역시,금정소방서,남산119안전센터,부산광역시 금정구 두실로 46(남산동),051-760-6731,051-760-6739
158,부산광역시,금정소방서,산성119안전센터,부산광역시 금정구 산성로 396(금성동),051-760-6751,051-760-6759
159,부산광역시,남부소방서,광안119안전센터,부산광역시 수영구 광일로 64(광안동),051-760-6811,051-760-6819
160,부산광역시,남부소방서,감만119안전센터,부산광역시 남구 우암로 81(감만동),051-760-6821,051-760-6829
161,부산광역시,남부소방서,대연119안전센터,부산광역시 남구 수영로 279(대연동),051-760-6831,051-760-6839
162,부산광역시,남부소방서,망미119안전센터,부산광역시 수영구 연수로 330(망미동),051-760-6841,051-760-6849
163,부산광역시,남부소방서,용당119안전센터,부산광역시 남구 신선로 398(용당동),051-760-6851,051-760-6859
164,부산광역시,강서소방서,녹산119안전센터,부산광역시 강서구 녹산산단361로 9(송정동),051-760-6011,051-760-6019
165,부산광역시,강서소방서,신호119안전센터,부산광역시 강서구 신호산단4로 62(신호동),051-760-6021,051-760-6029
166,부산광역시,강서소방서,대저119안전센터,부산광역시 강서구 대저로221번길 25(대저1동),051-760-6031,051-760-6039
167,부산광역시,강서소방서,강동119안전센터,부산광역시 강서구 제도로 696(강동동),051-760-6041,051-760-6049
168,부산광역시,강서소방서,지사119안전센터,부산광역시 강서구 과학산단로333번길 3(지사동),051-760-6051,051-760-6059
169,부산광역시,기장소방서,정관119안전센터,부산광역시 기장군 정관읍 용수로 7(정관읍),051-760-5411,051-760-5419
170,부산광역시,기장소방서,기장119안전센터,부산광역시 기장군 기장읍 차성동로5번길 16(기장읍),051-760-5421,051-760-5429
171,부산광역시,기장소방서,송정119안전센터,부산광역시 해운대구 송정중앙로15번길 16(송정동),051-760-5431,051-760-5439
172,부산광역시,기장소방서,장안119안전센터,부산광역시 기장군 장안읍 효암리 256,051-760-5441,051-760-5449
173,부산광역시,항만소방서,동삼119안전센터,부산광역시 영도구 해양로 297(동삼동),051-760-6911,051-760-6919
174,부산광역시,항만소방서,영선119안전센터,부산광역시 영도구 태종로 115(영선동1가),051-760-6921,051-760-6929
175,부산광역시,항만소방서,부두119안전센터,부산광역시 동구 충장대로 286(좌천동),051-760-6931,051-760-6939
176,부산광역시,항만소방서,청학119안전센터,부산광역시 영도구 태종로 274(청학동),051-760-6941,051-760-6949
177,대구광역시,중부소방서,남산119안전센터,대구광역시 중구 달구벌대로 1926,053-601-4571,053-255-2377
178,대구광역시,중부소방서,서문로119안전센터,대구광역시 중구 경상감영길 45,053-601-4572,053-255-1194
179,대구광역시,중부소방서,봉덕119안전센터,대구광역시 남구 희망로3길 29,053-601-4573,053-472-3008
180,대구광역시,중부소방서,대신119안전센터,대구광역시 중구 큰장로26길 45,053-601-4574,053-255-0020
181,대구광역시,중부소방서,삼덕119안전센터,대구광역시 중구 공평로 35,053-601-4575,053-426-3007
182,대구광역시,중부소방서,명덕119안전센터,대구광역시 남구 명덕로34길 22,053-601-4577,053-657-2006
183,대구광역시,중부소방서,성명119안전센터,대구광역시 남구 대명남로 12-1,053-601-4578,053-657-2330
184,대구광역시,동부소방서,신천119안전센터,대구광역시 동구 동대구로 507,053-605-5320,053-755-3119
185,대구광역시,동부소방서,동촌119안전센터,대구광역시 동구 해동로 180,053-605-5330,053-985-9119
186,대구광역시,동부소방서,안심119안전센터,대구광역시 동구 반야월로 291,053-605-5340,053-961-4119
187,대구광역시,동부소방서,불로119안전센터,대구광역시 동구 팔공로50길 19,053-605-5350,053-982-6119
188,대구광역시,동부소방서,공산119안전센터,대구광역시 동구 팔공산로 1579,053-605-5360,053-982-5119
189,대구광역시,동부소방서,율하119안전센터,대구광역시 동구 율하동로8길 5,053-605-5370,053-964-8911
190,대구광역시,서부소방서,평리119안전센터,대구광역시 서구 달서천로 186,053-320-4492,053-352-8953
191,대구광역시,서부소방서,이현119안전센터,대구광역시 서구 국채보상로 119,053-320-4493,053-552-0119
192,대구광역시,서부소방서,읍내119안전센터,대구광역시 북구 칠곡중앙대로 570,053-320-4494,053-321-0119
193,대구광역시,서부소방서,내당119안전센터,대구광역시 서구 서대구로3길 16,053-320-4495,053-557-0119
194,대구광역시,서부소방서,비산119안전센터,대구광역시 서구 달서로 206,053-3204496,053-565-5119
195,대구광역시,서부소방서,태전119안전센터,대구광역시 북구 칠곡중앙대로 184,053-320-4497,053-312-0119
196,대구광역시,서부소방서,동천119안전센터,대구광역시 북구 구암로 155,053-320-4498,053-325-0119
197,대구광역시,서부소방서,금호119안전센터,대구광역시 북구 한강로 105,053-320-4469,053-314-0119
198,대구광역시,북부소방서,칠성119안전센터,대구광역시 북구 칠성남로 112,053-350-5720,053-350-5729
199,대구광역시,북부소방서,침산119안전센터,대구광역시 북구 침산남로 149,053-350-5740,053-350-5749
200,대구광역시,북부소방서,노원119안전센터,대구광역시 북구 노원로 42,053-350-5750,053-350-5759
201,대구광역시,북부소방서,대현119안전센터,대구광역시 북구 대현로 105,053-350-5770,053-350-5779
202,대구광역시,북부소방서,무태119안전센터,대구광역시 북구 호국로43길 21,053-350-5780,053-350-5789
203,대구광역시,북부소방서,산격119안전센터,대구광역시 북구 유통단지로8길 88,053-350-5790,053-350-5799
204,대구광역시,수성소방서,범물119안전센터,대구광역시 수성구 청호로 87,053-607-3822,053-607-3839
205,대구광역시,수성소방서,만촌119안전센터,대구광역시 수성구 달구벌대로 2658,053-607-3842,
206,대구광역시,수성소방서,황금119안전센터,대구광역시 수성구 동대구로12길 41,053-607-3852,
207,대구광역시,수성소방서,상동119안전센터,대구광역시 수성구 파동로51길 5,053-607-3862,053-763-1819
208,대구광역시,수성소방서,가창119안전센터,대구광역시 달성군 가창면 가창로 1100,053-607-3920,
209,대구광역시,수성소방서,수성119안전센터,대구광역시 수성구 들안로60길 30,053-607-3872,053-746-2119
210,대구광역시,수성소방서,무열로119안전센터,대구광역시 수성구 무열로 139,053-607-3882,053-743-7119
211,대구광역시,수성소방서,고산119안전센터,대구광역시 수성구 고산로 105,053-607-3892,053-791-3119
212,대구광역시,달서소방서,월성119안전센터,대구광역시 달서구 학산로 75,059-607-2932,053-635-0228
213,대구광역시,달서소방서,본리119안전센터,대구광역시 달서구 대명천로 134,053-607-2952,053-625-0119
214,대구광역시,달서소방서,송현119안전센터,대구광역시 달서구 월배로 262,053-607-2962,053-632-1990
215,대구광역시,달서소방서,도원119안전센터,대구광역시 달서구 도원로 8,053-607-2972,053-636-8110
216,대구광역시,달성소방서,현풍119안전센터,대구광역시 달성군 현풍읍 비슬로 480,053-602-4932,053-670-5426
217,대구광역시,달성소방서,논공119안전센터,대구광역시 달성군 논공읍 논공중앙로33길 5,053-602-4952,053-615-6119
218,대구광역시,달성소방서,화원119안전센터,대구광역시 달성군 화원읍 화암로 122,053-602-4962,053-639-2119
219,대구광역시,달성소방서,구지119안전센터,대구광역시 달성군 구지면 달성2차로 111,053-602-4972,053-611-1197
220,대구광역시,달성소방서,옥포119안전센터,대구광역시 달성군 옥포읍 돌미로 93,053-602-4982,053-615-9195
221,대구광역시,강서소방서,다사119안전센터,대구광역시 달성군 다사읍 달구벌대로 920,053-601-5620,053-587-4119
222,대구광역시,강서소방서,성서119안전센터,대구광역시 달서구 성서로 357,053-601-5630,053-583-0120
223,대구광역시,강서소방서,죽전119안전센터,대구광역시 달서구 와룡로 222,053-601-5640,053-563-0120
224,대구광역시,강서소방서,대천119안전센터,대구광역시 달서구 달서대로58길 129,053-601-5650,053-584-0120
225,대구광역시,강서소방서,매곡119안전센터,대구광역시 달성군 다사읍 달구벌대로 753,053-601-5660,053-591-0119
226,인천광역시,중부소방서,중앙119안전센터,인천광역시 중구 인중로 204,032-870-5180,032-870-5168
227,인천광역시,중부소방서,송현119안전센터,인천광역시 동구 방축로 39,032-576-0119,032-579-3119
228,인천광역시,중부소방서,송림119안전센터,인천광역시 동구 샛골로 133,032-764-7119,032-764-7109
229,인천광역시,중부소방서,만석119안전센터,인천광역시 동구 제물량로 396,032-766-0119,032-766-2119
230,인천광역시,중부소방서,연안119안전센터,인천광역시 중구 축항대로 118,032-887-4689,032-887-4689
231,인천광역시,중부소방서,백령119안전센터,인천광역시 옹진군 백령면 백령남로 30,032-836-0119,032-836-2119
232,인천광역시,남동소방서,구월119안전센터,인천광역시 남동구 인주대로 714,032-870-5221,032-461-1197
233,인천광역시,남동소방서,만수119안전센터,인천광역시 남동구 백범로 207,032-870-5222,032-464-7290
234,인천광역시,남동소방서,간석119안전센터,인천광역시 남동구 경인로 621,032-870-5223,032-431-1119
235,인천광역시,남동소방서,담방119안전센터,인천광역시 남동구 매소홀로 1044,032-870-5224,032-469-1119
236,인천광역시,남동소방서,서창119안전센터,인천광역시 남동구 서창방산로 61,032-870-5259,032-463-1199
237,인천광역시,부평소방서,갈산119안전센터,인천광역시 부평구 부평대로 324,032-723-5353,032-519-1190
238,인천광역시,부평소방서,부평119안전센터,인천광역시 부평구 부평대로 8,032-723-5354,032-513-1190
239,인천광역시,부평소방서,십정119안전센터,인천광역시 부평구 경원대로 1111,032-723-5355,032-422-0819
240,인천광역시,부평소방서,산곡119안전센터,인천광역시 부평구 마장로 198,032-723-5356,032-506-1190
241,인천광역시,부평소방서,부개119안전센터,인천광역시 부평구 부개로 6,032-723-5357,032-362-1991
242,인천광역시,부평소방서,삼산119안전센터,인천광역시 부평구 충선로 252,032-723-5358,032-508-9119
243,인천광역시,서부소방서,연희119안전센터,인천광역시 서구 서곶로292,032-723-5421,032-562-0138
244,인천광역시,서부소방서,가좌119안전센터,인천광역시 서구 백범로678번길 17,032-578-0119,032-577-2119
245,인천광역시,서부소방서,신현119안전센터,인천광역시 서구 가정로 333-1,032-572-0119,032-572-7119
246,인천광역시,서부소방서,석남119안전센터,인천광역시 서구 석남로102,032-571-0119,032-581-7609
247,인천광역시,서부소방서,검단119안전센터,인천광역시 서구 완정로 191,032-565-0119,032-564-0119
248,인천광역시,서부소방서,오류119안전센터,인천광역시 서구 검단로 229,032-566-1118,032-565-4119
249,인천광역시,서부소방서,검암119안전센터,인천광역시 서구 승학로 474,032-568-7119,032-562-1199
250,인천광역시,서부소방서,원당119안전센터,인천광역시 서구 원당대로 881,032-563-1195,032-568-1196
251,인천광역시,서부소방서,청라119안전센터,인천광역시 서구 청라한내로 77 ,032-569-5026,032-569-5027
252,인천광역시,서부소방서,원창119안전센터,인천광역시 서구 북항로32번길 47-5,032-577-0119,032-581-2119
253,인천광역시,공단소방서,고잔119안전센터,인천광역시 남동구 남동서로 208,032-723-5521,032-818-7119
254,인천광역시,공단소방서,옥련119안전센터,인천광역시 연수구 청량로 155번길 7,032-832-0119,032-834-6119
255,인천광역시,공단소방서,도림119안전센터,인천광역시 남동구 비류대로 667,032-814-2119,032-814-1196
256,인천광역시,공단소방서,동춘119안전센터,인천광역시 연수구 앵고개로 241,032-813-2119,032-813-1193
257,인천광역시,공단소방서,논현119안전센터,인천광역시 남동구 소래역로 109,032-439-2119,032-439-5119
258,인천광역시,공단소방서,소래119안전센터,인천광역시 남동구 에코중앙로 86,032-432-0440,032-432-0550
259,인천광역시,계양소방서,작전119안전센터,인천광역시 계양구 장제로 774,032-650-5621,032-555-8118
260,인천광역시,계양소방서,계산119안전센터,인천광역시 계양구 주부토길 557,032-542-0119,032-547-0119
261,인천광역시,계양소방서,장기119안전센터,인천광역시 계양구 장기서로 14,032-515-6119,032-547-6112
262,인천광역시,계양소방서,효성119안전센터,인천광역시 계양구 효서로 96-1,032-541-0119,032-554-2119
263,인천광역시,미추홀소방서,신기119안전센터,인천광역시 미추홀구 인하로 190,032-870-3295,032-870-3288
264,인천광역시,미추홀소방서,주안119안전센터,인천광역시 미추홀구 한나루로 607,032-870-3452,032-874-7261
265,인천광역시,미추홀소방서,도화119안전센터,인천광역시 미추홀구 장고개로 85,032-870-3453,032-872-2119
266,인천광역시,미추홀소방서,용현119안전센터,인천광역시 미추홀구 독배로 376,032-887-3454,032-889-2119
267,인천광역시,미추홀소방서,관교119안전센터,인천광역시 미추홀구 인하로 450,032-870-3455,032-435-1196
268,인천광역시,미추홀소방서,숭의119안전센터,인천광역시 미추홀구 석정로 51,032-870-3456,032-891-3119
269,인천광역시,강화소방서,불은119안전센터,인천광역시 강화군 불은면 중앙로 505,032-930-5811,032-930-5812
270,인천광역시,강화소방서,강화119안전센터,인천광역시 강화군 강화읍 남문로23번길 11,032-930-5894,032-932-0580
271,인천광역시,강화소방서,길상119안전센터,인천광역시 강화군 길상면 마니산로 93,032-930-5822,032-930-5899
272,인천광역시,강화소방서,내가119안전센터,인천광역시 강화군 내가면 강화서로 235-1,032-930-5823,032-933-9919
273,인천광역시,영종소방서,공항119안전센터,인천광역시 중구 제2터미널대로 268 ,032-727-6180,032-727-6190
274,인천광역시,영종소방서,운서119안전센터,인천광역시 중구 흰바위로27번길 16,032-727-6182,032-751-0119
275,인천광역시,영종소방서,운남119안전센터,인천광역시 중구 운남로 116,032-727-6181,032-746-0119
276,인천광역시,영종소방서,용유119안전센터,인천광역시 중구 용유서로128번길 1,032-727-6183,032-747-0119
277,광주광역시,동부소방서,대인119안전센터,광주광역시 동구 제봉로 210(대인동),062-606-4203,062-606-4229
278,광주광역시,동부소방서,용산119안전센터,광주광역시 동구 남문로 535(용산동),062-606-4403,062-606-4419
279,광주광역시,동부소방서,지산119안전센터,광주광역시 동구 밤실로30번길 16(지산동),062-606-4423,062-606-4439
280,광주광역시,서부소방서,화정119안전센터,광주광역시 서구 화운로 197(화정동),062-606-4255,062-606-4279
281,광주광역시,서부소방서,염주119안전센터,광주광역시 서구 염화로 77(화정동),062-606-4507,062-606-4519
282,광주광역시,서부소방서,금호119안전센터,광주광역시 서구 운천로 112(쌍촌동),062-606-4525,062-606-4539
283,광주광역시,서부소방서,상무119안전센터,광주광역시 서구 치평로 65(치평동),062-606-4543,062-606-4559
284,광주광역시,서부소방서,풍암119안전센터,광주광역시 서구 회재로 907(금호동),062-606-4564,062-606-4579
285,광주광역시,남부소방서,송하119안전센터,광주광역시 남구 송암로58번길 13(송하동),062-606-4303,062-606-4329
286,광주광역시,남부소방서,월산119안전센터,광주광역시 남구 수박등로 1(월산동),062-606-4603,062-606-4619
287,광주광역시,남부소방서,봉선119안전센터,광주광역시 남구 오방로 63(방림동),062-606-4623,062-606-4639
288,광주광역시,북부소방서,문흥119안전센터,광주광역시 북구 서하로 290(오치동),062-606-4353,062-606-4379
289,광주광역시,북부소방서,임동119안전센터,광주광역시 북구 서림로 5(임동),062-606-4703,062-606-4719
290,광주광역시,북부소방서,우산119안전센터,광주광역시 북구 동문대로 127(우산동),062-606-4723,062-606-4739
291,광주광역시,북부소방서,일곡119안전센터,광주광역시 북구 설죽로 529(일곡동),062-606-4743,062-606-4759
292,광주광역시,북부소방서,두암119안전센터,광주광역시 북구 삼정로 5(두암동),062-606-4763,062-606-4779
293,광주광역시,북부소방서,동림119안전센터,광주광역시 북구 북문대로 202(동림동),062-606-4783,062-606-4799
294,광주광역시,광산소방서,하남119안전센터,광주광역시 광산구 하남산단1번로 13(하남동),062-606-4903,062-606-4929
295,광주광역시,광산소방서,송정119안전센터,광주광역시 광산구 상무대로 93-1(도산동),062-606-4803,062-606-4819
296,광주광역시,광산소방서,월곡119안전센터,광주광역시 광산구 우산로 85번길 12-5(우산동),062-606-4828,062-606-4839
297,광주광역시,광산소방서,비아119안전센터,광주광역시 광산구 비아로12번길 10(비아동),062-606-4843,062-606-4859
298,광주광역시,광산소방서,신가119안전센터,광주광역시 광산구 수등로 236(신가동),062-606-4863,062-606-4879
299,광주광역시,광산소방서,첨단119안전센터,광주광역시 광산구 임방울대로825번길 16(쌍암동),062-606-4883,062-606-4899
300,광주광역시,광산소방서,평동119안전센터,광주광역시 광산구 월전로 59(월전동),062-606-4953,062-606-4969
301,대전광역시,동부소방서,가양119안전센터,대전광역시 동구 계족로 300,042-270-1221,042-270-1229
302,대전광역시,동부소방서,삼성119안전센터,대전광역시 동구 태전로 134,042-270-1231,042-270-1239
303,대전광역시,동부소방서,원동119안전센터,대전광역시 동구 대전천동로 508,042-270-1241,042-270-1249
304,대전광역시,동부소방서,부사119안전센터,대전광역시 중구 대종로 373,042-270-1251,042-270-1259
305,대전광역시,동부소방서,산내119안전센터,대전광역시 동구 산내로 1328,042-270-1261,042-270-1269
306,대전광역시,동부소방서,용운119안전센터,대전광역시 동구 용운로 151번길 88,042-270-1271,042-270-1279
307,대전광역시,둔산소방서,갈마119안전센터,대전광역시 서구 갈마중로 15,042-270-1804,042-270-1959
308,대전광역시,둔산소방서,태평119안전센터,대전광역시 중구 동서대로 1235,042-270-1811,042-270-1819
309,대전광역시,둔산소방서,탄방119안전센터,대전광역시 서구 문정로 142,042-270-1821,042-270-1829
310,대전광역시,둔산소방서,월평119안전센터,대전광역시 서구 청사로 27,042-270-1831,042-270-1839
311,대전광역시,둔산소방서,샘머리119안전센터,대전광역시 서구 둔산로 101번길 26,042-270-1841,042-270-1849
312,대전광역시,대덕소방서,법동119안전센터,대전광역시 대덕구 계족로 682,042-270-1851,042-270-1859
313,대전광역시,대덕소방서,대화119안전센터,대전광역시 대덕구 대화로 81,042-270-1861,042-270-1869
314,대전광역시,대덕소방서,덕암119안전센터,대전광역시 대덕구 신탄진로 661,042-270-1871,042-270-1879
315,대전광역시,대덕소방서,문평119안전센터,대전광역시 대덕구 문평동로 18번길 34,042-270-1881,042-270-1889
316,대전광역시,대덕소방서,송촌119안전센터,대전광역시 대덕구 동춘당로 65,042-270-1891,042-270-1899
317,대전광역시,유성소방서,도룡119안전센터,대전광역시 유성구 대덕대로 516,042-270-1903,042-270-1909
318,대전광역시,유성소방서,전민119안전센터,대전광역시 유성구 엑스포로 486-11,042-270-1912,042-270-1919
319,대전광역시,유성소방서,구암119안전센터,대전광역시 유성구 월드컵대로 263,042-270-1922,042-270-1929
320,대전광역시,유성소방서,궁동119안전센터,대전광역시 유성구 궁동로 35,042-270-1931,042-270-1939
321,대전광역시,유성소방서,노은119안전센터,대전광역시 유성구 노은로 101,042-270-1942,042-270-1949
322,대전광역시,서부소방서,복수119안전센터,대전광역시 서구 복수서로 67,042-270-1952,042-270-1952
323,대전광역시,서부소방서,문화119안전센터,대전광역시 중구 계룡로 918번길 67,042-270-1961,042-270-1969
324,대전광역시,서부소방서,산성119안전센터,대전광역시 중구 산성로 59,042-270-1971,042-270-1979
325,대전광역시,서부소방서,가수원119안전센터,대전광역시 서구 용소로 46,042-270-1981,042-270-1989
326,대전광역시,서부소방서,원내119안전센터,대전광역시 유성구 계백로 801번길 17,042-270-1991,042-270-1999
327,울산광역시,중부소방서,유곡119안전센터,울산광역시 중구 종가로 205,052-241-2409,052-241-2419
328,울산광역시,중부소방서,성남119안전센터,울산광역시 중구 만남의거리 14,052-241-2421,052-241-2439
329,울산광역시,중부소방서,병영119안전센터,울산광역시 중구 구교로 226,052-241-2441,052-241-2459
330,울산광역시,중부소방서,태화119안전센터,울산광역시 중구 태화로 111,052-241-2531,052-241-2549
331,울산광역시,남부소방서,삼산119안전센터,울산광역시 남구 삼산중로 149,052-241-2580,052-241-2599
332,울산광역시,남부소방서,여천119안전센터,울산광역시 남구 여천로 81-33,052-241-2610,052-241-2629
333,울산광역시,남부소방서,신정119안전센터,울산광역시 남구 신정로 87번길 2,052-241-2630,052-241-2647
334,울산광역시,남부소방서,장생포119안전센터,울산광역시 남구 매암로 18,052-241-2560,052-241-2569
335,울산광역시,남부소방서,무거119안전센터,울산광역시 남구 문수로 89,052-241-2650,052-241-2669
336,울산광역시,남부소방서,공단119안전센터,울산광역시 남구 사평로 161,052-241-2670,052-241-2689
337,울산광역시,남부소방서,옥동119안전센터,울산광역시 남구 대공원입구로21번길 20,052-241-2690,052-241-2709
338,울산광역시,동부소방서,화암119안전센터,울산광역시 동구 꽃바위2가길 9,052-241-2720,052-241-2739
339,울산광역시,동부소방서,화정119안전센터,울산광역시 동구 방어진순환도로 601,052-241-2740,052-241-2759
340,울산광역시,동부소방서,전하119안전센터,울산광역시 동구 진성4가길 8,052-241-2760,052-241-2779
341,울산광역시,북부소방서,송정119안전센터,울산광역시 북구 화동로 178,052-229-8200,052-229-8219
342,울산광역시,북부소방서,농소119안전센터,울산광역시 북구 아진로 72,052-229-8240,052-229-8259
343,울산광역시,북부소방서,매곡119안전센터,울산광역시 북구 오토밸리로 1024,052-229-8260,052-229-8279
344,울산광역시,북부소방서,염포119안전센터,울산광역시 북구 염포로 769,052-229-8220,052-229-8239
345,울산광역시,북부소방서,강동119안전센터,울산광역시 북구 산하중앙2로 231 ,052-229-8280,052-229-8289
346,울산광역시,온산소방서,온산119안전센터,울산광역시 울주군 온산읍 덕신로 232,052-241-2860,052-241-2879
347,울산광역시,온산소방서,온양119안전센터,울산광역시 울주군 온양읍 온양로 74,052-241-2890,052-241-2909
348,울산광역시,온산소방서,웅촌119안전센터,울산광역시 울주군 웅촌면 곡천검단로 9,052-241-2910,052-241-2929
349,울산광역시,온산소방서,화산119안전센터,울산광역시 울주군 온산읍 공단로 417,052-241-2840,052-241-2859
350,울산광역시,울주소방서,언양119안전센터,울산광역시 울주군 언양읍 남천둑길 99,052-241-2461,052-241-2479
351,울산광역시,울주소방서,범서119안전센터,울산광역시 울주군 범서읍 구영앞길 99,052-241-2501,052-241-2519
352,울산광역시,울주소방서,두서119안전센터,울산광역시 울주군 두서면 인보로 85,052-241-2551,
353,세종특별자치시,조치원소방서,조치원119안전센터,세종특별자치시 조치원읍 세종로 2439,044-300-8523,044-863-6119
354,세종특별자치시,조치원소방서,전의119안전센터,세종특별자치시 전의면 서정길 46-6,044-300-8533,044-862-7119
355,세종특별자치시,조치원소방서,부강119안전센터,세종특별자치시 부강면 청연로 7,044-300-8543,044-277-7078
356,세종특별자치시,조치원소방서,연서119안전센터,세종특별자치시 연서면 도신고복로 306,044-300-8553,044-862-8119
357,세종특별자치시,세종소방서,어진119안전센터,세종특별자치시 절재로 301(어진동),044-300-8623,044-864-9119
358,세종특별자치시,세종소방서,아름119안전센터,세종특별자치시 보듬3로 119(아름동),044-300-8633,044-269-5645
359,세종특별자치시,세종소방서,한솔119안전센터,세종특별자치시 노을3로 29(한솔동),044-300-8643,044-862-2419
360,세종특별자치시,세종소방서,보람119안전센터,세종특별자치시 남세종로 436(보람동),044-300-8653,044-864-3119
361,세종특별자치시,세종소방서,장군119안전센터,세종특별자치시 장군면 장척로 391,044-300-8664,044-868-5114
362,경기도,수원소방서,정자119안전센터,경기도 수원시 정자천로189번길 12,031-8012-9500,031-280-8520
363,경기도,수원소방서,원천119안전센터,경기도 수원시 영통구 중부대로 349,031-8012-9530,031-280-8523
364,경기도,수원소방서,파장119안전센터,경기도 수원시 장안구 서부로 2308,031-8012-9570,031-280-8526
365,경기도,수원소방서,이의119안전센터,경기도 수원시 영통구 도청로 10,031-8012-9580,031-280-8527
366,경기도,수원소방서,영통119안전센터,경기도 수원시 영통구 매영로 325,031-8012-9140,031-280-8515
367,경기도,수원남부소방서,남부119안전센터,경기도 수원시 권선구 동수원로 286,031-639-8500,031-280-8521
368,경기도,수원남부소방서,매산119안전센터,경기도 수원시 팔달구 매산로 89,031-639-8520,031-280-8522
369,경기도,수원남부소방서,지만119안전센터,경기도 수원시 팔달구 경수대로 660,031-639-8530,031-280-8524
370,경기도,수원남부소방서,서둔119안전센터,경기도 수원시 권선구 서호동로 48,031-639-8540,031-280-8525
371,경기도,수원남부소방서,고색119안전센터,경기도 수원시 권선구 서부로 1614,031-639-8550,031-280-8528
372,경기도,수원남부소방서,호매실119안전센터,경기도 수원시 권선구 금곡로 194,031-639-8560,031-280-8529
373,경기도,성남소방서,수진119안전센터,경기도 성남시 수정구 제일로 111,031-720-0500,031-280-8536
374,경기도,성남소방서,신흥119안전센터,경기도 성남시 수정구 시민로 151,031-720-0510,031-280-8537
375,경기도,성남소방서,상대원119안전센터,경기도 성남시 중원구 둔촌대로 469,031-720-0530,031-280-8538
376,경기도,성남소방서,단대119안전센터,경기도 성남시 수정구 논골로 11번길 7-2,031-720-0520,031-280-8539
377,경기도,성남소방서,위례119안전센터,경기도 성남시 수정구 헌릉로 1003,031-720-0540,031-280-8540
378,경기도,성남소방서,태평119안전센터,경기도 성남시 수정구 성남대로 1312,031-720-0550,031-280-8541
379,경기도,성남소방서,고등119안전센터,경기도 성남시 수정구 대왕판교로 931,031-720-0560,031-280-8541
380,경기도,분당소방서,서현119안전센터,경기도 성남시 분당구 양현로 14,031-8018-3500,031-280-8547
381,경기도,분당소방서,판교119안전센터,경기도 성남시 분당구 대왕판교로644번길 62,031-8018-3510,031-280-8548
382,경기도,분당소방서,서판교119안전센터,경기도 성남시 분당구 운중로 88,031-8018-3560,031-280-8896
383,경기도,분당소방서,수내119안전센터,경기도 성남시 분당구 백현로 241,031-8018-3520,031-280-8549
384,경기도,분당소방서,야탑119안전센터,경기도 성남시 분당구 양현로 485,031-8018-3530,031-280-8550
385,경기도,분당소방서,구미119안전센터,경기도 성남시 분당구 돌마로 138,031-8018-3550,031-280-8551
386,경기도,부천소방서,중앙119안전센터,경기도 부천시 신흥로 115 ,032-650-4500,032-280-8580
387,경기도,부천소방서,오정119안전센터,경기도 부천시 신흥로 499 ,032-650-4510,032-280-8581
388,경기도,부천소방서,중동119안전센터,경기도 부천시 부일로 346 ,032-650-4520,032-280-8582
389,경기도,부천소방서,괴안119안전센터,경기도 부천시 부광로8번길 49,032-650-4530,032-280-8583
390,경기도,부천소방서,원종119안전센터,경기도 부천시 원종로79번길 41 ,032-650-4540,032-280-8584
391,경기도,부천소방서,상동119안전센터,경기도 부천시 장말로 113 ,032-650-4550,032-280-8585
392,경기도,부천소방서,서부119안전센터,경기도 부천시 계남로 169 ,032-650-4560,032-280-8586
393,경기도,부천소방서,범박119안전센터,경기도 부천시 범안로 127,032-650-4570,032-280-8587
394,경기도,부천소방서,신상119안전센터,경기도 부천시 상동로117번길 36 ,032-650-4580,032-280-8588
395,경기도,부천소방서,여월119안전센터,경기도 부천시 여월로 62 ,032-650-4590,032-280-8589
396,경기도,안양소방서,부림119안전센터,경기도 안양시 동안구 관평로212번길 32(관양동),031-470-0500,031-280-8595
397,경기도,안양소방서,안양119안전센터,경기도 안양시 만안구 현충로 55(안양동),031-470-0510,031-280-8596
398,경기도,안양소방서,관양119안전센터,경기도 안양시 동안구 동편로13번길 6(관양동),031-470-0530,031-280-8597
399,경기도,안양소방서,석수119안전센터,경기도 안양시 만안구 석수로 28(석수동),031-470-0540,031-280-8598
400,경기도,안양소방서,귀인119안전센터,경기도 안양시 동안구 평촌대로 104(평촌동),031-470-0550,031-280-8599
401,경기도,안양소방서,박달119안전센터,경기도 안양시 만안구 오리로 38(박달동),031-470-0560,031-280-8600
402,경기도,안산소방서,고잔119안전센터,경기도 안산시 단원구 화랑로 407,031-470-7500,031-280-8606
403,경기도,안산소방서,원시119안전센터,경기도 안산시 단원구 동산로 31,031-470-7510,031-280-8607
404,경기도,안산소방서,선부119안전센터,겅기도 안산시 단원구 선부광장서로 43,031-470-7520,031-280-8608
405,경기도,안산소방서,성곡119안전센터,경기도 안산시 단원구 장자골로 66,031-470-7540,031-280-8609
406,경기도,안산소방서,월피119안전센터,경기도 안산시 상록구 충장로 645,031-470-7550,031-280-8610
407,경기도,안산소방서,군자119안전센터,경기도 안산시 단원구 번영1로 45,031-470-7560,031-280-8611
408,경기도,안산소방서,사동119안전센터,경기도 안산시 상록구 항가울로 230,031-470-7570,031-280-8612
409,경기도,안산소방서,대부119안전센터,경기도 안산시 단원구 영전로 375,031-470-7580,031-280-8613
410,경기도,안산소방서,반월119안전센터,경기도 안산시 상록구 건지미길 48,031-470-7590,031-280-8614
411,경기도,안산소방서,신길119안전센터,경기도 안산시 단원구 삼일로 50,031-470-7480,031-280-8615
412,경기도,용인소방서,역북119안전센터,경기도 용인시 처인구 명지로 45,031-8021-0500,031-280-8622
413,경기도,용인소방서,구갈119안전센터,경기도 용인시 기흥구 신구로 74,031-8021-0510,031-280-8623
414,경기도,용인소방서,수지119안전센터,경기도 용인시 수지구 풍덕천로 177,031-8021-0520,031-280-8624
415,경기도,용인소방서,양지119안전센터,경기도 용인시 처인구 양지면 남평로 46,031-8021-0530,031-280-8625
416,경기도,용인소방서,남사119안전센터,경기도 용인시 처인구 남사면 봉무로 13,031-8021-0540,031-280-8626
417,경기도,용인소방서,포곡119안전센터,경기도 용인시 처인구 포곡읍 포곡로 252,031-8021-0550,031-280-8627
418,경기도,용인소방서,이동119안전센터,경기도 용인시 처인구 이동면 백옥대로 416-2,031-8021-0560,031-280-8628
419,경기도,용인소방서,보정119안전센터,경기도 용인시 기흥구 보정로114번길 2,031-8021-0570,031-280-8629
420,경기도,용인소방서,백암119안전센터,경기도 용인시 처인구 백암면 백암로 247,031-8021-0580,031-280-8630
421,경기도,용인소방서,동백119안전센터,경기도 용인시 기흥구 동백6로 33,031-8021-0590,031-280-8631
422,경기도,용인소방서,모현119안전센터,경기도 용인시 처인구 모현면 독점로 31-12,031-8021-0140,031-280-8632
423,경기도,용인소방서,기흥119안전센터,경기도 용인시 기흥구 한보라1로 128,031-8021-0150,031-280-8875
424,경기도,평택소방서,비전119안전센터,경기도 평택시 중앙로 273,031-8053-6500,031-280-8662
425,경기도,평택소방서,안중119안전센터,경기도 평택시 안중읍 안현로서7길 28,031-8053-6530,031-280-8663
426,경기도,평택소방서,팽성119안전센터,경기도 평택시 팽성읍 팽성화로 172,031-8053-6510,031-280-8664
427,경기도,평택소방서,포승119안전센터,경기도 평택시 포승읍 평택항로 156번길 11,031-8053-6540,031-280-8665
428,경기도,송탄소방서,신장119안전센터,경기도 평택시 경기대로 1627(신장동),031-685-8500,031-685-8509
429,경기도,송탄소방서,진위119안전센터,경기도 평택시 진위면 봉남길 30,031-685-8510,031-685-8519
430,경기도,송탄소방서,모곡119안전센터,경기도 평택시 산단로64번길 2 (모곡동),031-685-8520,031-685-8529
431,경기도,송탄소방서,서탄119안전센터,경기도 평택시 서탄면 서탄로 241,031-685-8530,031-685-8539
432,경기도,송탄소방서,고덕119안전센터,경기도 평택시 고덕면 고덕로 335,031-695-8540,031-685-8549
433,경기도,송탄소방서,청북119안전센터,경기도 평택시 청북면 현곡산단로 16,031-685-8550,031-685-8559
434,경기도,광명소방서,소하119안전센터,경기도 광명시 금하로 472,02-2610-3500,031-280-8682
435,경기도,광명소방서,광명119안전센터,경기도 광명시 사성로 12,02-2610-3510,02-2610-3519
436,경기도,광명소방서,하안119안전센터,경기도 광명시 범안로 1025,02-2610-3520,02-2610-3529
437,경기도,광명소방서,광남119안전센터,경기도 광명시 목감로 34,02-2610-3530,031-280-8685
438,경기도,시흥소방서,시흥119안전센터,경기도 시흥시 정왕신길로 206,031-310-0500,031-280-8691
439,경기도,시흥소방서,은행119안전센터,경기도 시흥시 대은로 4,031-310-0510,031-280-8692
440,경기도,시흥소방서,정왕119안전센터,경기도 공단1대로259번길 1,031-310-0520,031-280-8693
441,경기도,시흥소방서,연성119안전센터,경기도 시흥시 새재로 29,031-310-0530,031-280-8694
442,경기도,시흥소방서,목감119안전센터,경기도 시흥시 목감우회로 15,,
443,경기도,군포소방서,오금119안전센터,경기도 군포시 고산로 429,031-479-8500,031-280-8700
444,경기도,군포소방서,산본119안전센터,경기도 군포시 산본로432번길 1,031-479-8510,031-280-8701
445,경기도,군포소방서,송정119안전센터,경기도 군포시 송부로74번길 4,031-479-8520,031-280-8701
446,경기도,화성소방서,향남119안전센터,경기도 화성시 향남읍 향남로 399 ,031-8012-6500,031-280-8848
447,경기도,화성소방서,정남119안전센터,경기도 화성시 정남면 정남동로 514,031-8012-6520,031-280-8849
448,경기도,화성소방서,반송119안전센터,경기도 화성시 동탄반석로 188,031-8012-6530,031-280-8850
449,경기도,화성소방서,목동119안전센터,경기도 화성시 동탄신리천로 359,031-8012-6460,031-280-8855
450,경기도,화성소방서,태안119안전센터,경기도 화성시 병점중앙로 148,031-8012-6580,031-280-8851
451,경기도,화성소방서,남양119안전센터,경기도 화성시 남양읍 남양시장로 48,031-8012-6550,031-280-8852
452,경기도,화성소방서,봉담119안전센터,경기도 화성시 봉담읍 동화새터길 135,031-8012-6560,031-280-8853
453,경기도,화성소방서,장안119안전센터,경기도 화성시 장안면 3.1만세로 119,031-8012-6570,031-280-8854
454,경기도,이천소방서,관고119안전센터,경기도 이천시 경충대로 2739,031-645-5500,031-280-8721
455,경기도,이천소방서,대월119안전센터,경기도 이천시 경충대로 1973,031-645-5510,031-280-8722
456,경기도,이천소방서,장호원119안전센터,경기도 이천시 서동대로 8829번길 71,031-645-5520,031-280-8726
457,경기도,이천소방서,마장119안전센터,경기도 이천시 마장면 중앙로 87,031-645-5530,031-280-8721
458,경기도,김포소방서,중앙119안전센터,경기도 김포시 감암로 111,031-980-4500,031-280-8737
459,경기도,김포소방서,양촌119안전센터,경기도 김포시 양곡로 85,031-980-4510,031-280-8738
460,경기도,김포소방서,마산119안전센터,경기도 김포시 김포한강8로 196,031-980-4570,031-280-8742
461,경기도,김포소방서,대곶119안전센터,경기도 김포시 대곶면 수남로 104,031-980-4560,031-280-8740
462,경기도,김포소방서,통진119안전센터,경기도 김포시 통진읍 김포대로 2250,031-980-4520,031-280-8739
463,경기도,김포소방서,고촌119안전센터,경기도 김포시 고촌읍 은행영사정로 31,031-980-4530,031-280-8741
464,경기도,김포소방서,하성119안전센터,경기도 김포시 하성면 하성로 404,031-980-4540,031-280-8743
465,경기도,광주소방서,초월119안전센터,경기도 광주시 초월읍 무들로 112 광주소방서,031-799-2500,031-280-8762
466,경기도,광주소방서,송정119안전센터,경기도 광주시 수하길 36,031-799-2510,031-280-8763
467,경기도,광주소방서,오포119안전센터,경기도 광주시 오포읍 오포로 910-5,031-799-2520,031-280-8764
468,경기도,광주소방서,곤지암119안전센터,경기도 광주시 곤지암읍 도척로 163,031-799-2530,031-280-8765
469,경기도,광주소방서,능평119안전센터,경기도 광주시 오포읍 대명대길 30,031-799-2540,031-280-8766
470,경기도,안성소방서,도기119안전센터,경기도 안성시 미양로 855 (도기동),031-678-4500,031-280-8772
471,경기도,안성소방서,미양119안전센터,경기도 안성시 미양면 제2공단3길 8 (계륵리),031-678-4510,031-280-8773
472,경기도,안성소방서,죽산119안전센터,경기도 안성시 죽산면 장원공단길 38 (장원리),031-678-4520,031-280-8774
473,경기도,안성소방서,공도119안전센터,경기도 안성시 공도읍 공도로 111 (만정리),031-678-4530,031-280-8775
474,경기도,안성소방서,원곡119안전센터,경기도 안성시 원곡면 원곡물류단지로 162-20 (칠곡리),031-678-4540,031-280-8776
475,경기도,하남소방서,신장119안전센터,경기도 하남시 대청로 76,031-799-4500,031-280-8782
476,경기도,하남소방서,감북119안전센터,경기도 하남시 초광산단서로 16번길 39,031-799-4510,031-280-8783
477,경기도,하남소방서,덕풍119안전센터,경기도 하남시 덕풍서로 60,031-799-4530,031-280-8784
478,경기도,의왕소방서,고천119안전센터,경기도 의왕시 오봉로 9 ,031-596-0500,031-280-8861
479,경기도,의왕소방서,백운119안전센터,경기도 의왕시 안양판교로 187,031-596-0530,031-280-8863
480,경기도,의왕소방서,부곡119안전센터,경기도 의왕시 오봉로 289,031-596-0520,031-280-8862
481,경기도,오산소방서,세교119안전센터,경기도 오산시 문헌공로 30,031-8059-7500,031-280-8880
482,경기도,오산소방서,원동119안전센터,경기도 오산시 경기대로 99,031-8059-7520,031-280-8791
483,경기도,오산소방서,청학119안전센터,경기도 오산시 청학로 55-6,031-8059-7510,031-280-8790
484,경기도,여주소방서,월송119안전센터,경기도 여주시 우암로 110,031-887-8500,031-280-8797
485,경기도,여주소방서,가남119안전센터,경기도 여주시 가남읍 일신로 32,031-887-8510,031-280-8798
486,경기도,여주소방서,북내119안전센터,경기도 여주시 북내면 도예로 440,031-887-8520,031-280-8799
487,경기도,양평소방서,공흥119안전센터,경기도 양평군 양평읍 경강로 2047 ,031-770-0500,031-770-0509
488,경기도,양평소방서,강상119안전센터,경기도 양평군 강상면 송학길 54 강상119안전센터,031-770-0520,031-770-0529
489,경기도,양평소방서,용문119안전센터,경기도 양평군 용문면 연수로 64,031-770-0530,031-770-0539
490,경기도,양평소방서,양서119안전센터,경기도 양평군 양서면 양수리 1161-4,031-770-0546,
491,경기도,과천소방서,중앙119안전센터,경기도 과천시 통영로 12,02-3314-500,031-280-8821
492,경기도,과천소방서,과천119안전센터,경기도 과천시 궁말로30,02-3314-510,031-280-8822
493,경기도,고양소방서,원당119안전센터,경기도 고양시 덕양구 고양대로 1342,031-931-0500,031-280-8557
494,경기도,고양소방서,능곡119안전센터,경기도 고양시 덕양구 토당로 48,031-931-0510,031-280-8558
495,경기도,고양소방서,삼송119안전센터,경기도 고양시 덕양구 오금로 14,031-931-0520,031-280-8559
496,경기도,고양소방서,행신119안전센터,경기도 고양시 덕양구 소원로 181번길 52,031-931-0530,031-280-8560
497,경기도,고양소방서,화전119안전센터,경기도 고양시 덕양구 중앙로 78,031-931-0540,031-280-8561
498,경기도,일산소방서,장항119안전센터,경기도 고양시 일산동구 중앙로 1325,031-930-0500,031-280-8567
499,경기도,일산소방서,백석119안전센터,경기도 고양시 일산동구 장백로 78,031-930-0510,031-280-8568
500,경기도,일산소방서,주엽119안전센터,경기도 고양시 일산서구 주화로 82,031-930-0520,031-280-8570
501,경기도,일산소방서,중산119안전센터,경기도 고양시 일산동 중산로 218,031-930-0540,031-280-8571
502,경기도,일산소방서,고봉119안전센터,경기도 고양시 일산동 성현로 429,031-930-0550,031-280-8569
503,경기도,일산소방서,대화119안전센터,경기도 고양시 일산서구 중앙로 1630,031-930-0570,031-280-8572
504,경기도,일산소방서,풍동119안전센터,경기도 고양시 일산동 숲속마을로 10,031-930-0590,031-280-8573
505,경기도,일산소방서,문화119안전센터,경기도 고양시 일산동구 태극로 7,031-930-0580,031-280-8883
506,경기도,의정부소방서,금오119안전센터,경기도 의정부시 금오로23번길 22-40,031-849-7510,031-280-8641
507,경기도,의정부소방서,흥선119안전센터,경기도 의정부시 의정로 48,031-849-7500,031-280-8640
508,경기도,의정부소방서,호원119안전센터,경기도 의정부시 평화로 322번길 7,031-849-7520,031-280-8642
509,경기도,의정부소방서,송산119안전센터,경기도 의정부시 충의로 90,031-849-7530,031-280-8643
510,경기도,남양주소방서,평내119안전센터,경기도 남양주시 평내동 평내로 25,031-590-0500,280-8649
511,경기도,남양주소방서,진접119안전센터,경기도 남양주시 진접읍 금강로 1509-25,031-590-0520,280-8650
512,경기도,남양주소방서,진건119안전센터,경기도 남양주시 진건읍 진건오남로 112-21,031-590-0550,280-8651
513,경기도,남양주소방서,화도119안전센터,경기도 남양주시 화도읍 수레로1260번길 25,031-590-0540,280-8652
514,경기도,남양주소방서,와부119안전센터,경기도 남양주시 와부읍 덕소로97번길 34-2,031-590-0530,280-8653
515,경기도,남양주소방서,별내119안전센터,경기도 남양주시 별내동 송산로 793-41,031-590-0560,280-8654
516,경기도,남양주소방서,오남119안전센터,경기도 남양주시 오남읍 진건오남로 772,031-590-0590,280-8655
517,경기도,남양주소방서,가운119안전센터,경기도 남양주시 가운동 가운로 16,031-590-0570,280-8656
518,경기도,파주소방서,통일119안전센터,경기도 파주시 파주읍 통일로 1564 ,031-956-9500,031-956-9509
519,경기도,파주소방서,금촌119안전센터,경기도 파주시 가나무로 136  ,031-956-9510,031-956-9519
520,경기도,파주소방서,법원119안전센터,경기도 파주시 법원읍 화합로 141,031-956-9520,031-956-9529
521,경기도,파주소방서,광탄119안전센터,경기도 파주시 광탄면 혜음로 1040 ,031-956-9530,031-956-9539
522,경기도,파주소방서,탄현119안전센터,경기도 파주시 탄현면 필승로 458 ,031-956-9540,031-956-9549
523,경기도,파주소방서,월롱119안전센터,경기도 파주시 월롱면 엘씨디로 310 ,031-956-9550,031-956-9559
524,경기도,파주소방서,교하119안전센터,경기도 파주시 청석로 301 ,031-956-9560,031-956-9569
525,경기도,파주소방서,적성119안전센터,경기도 파주시 적성면 감악산로 1220 ,031-956-9570,031-956-9579
526,경기도,파주소방서,운정119안전센터,파주시 와석순환로 90,031-956-9580,031-956-9589
527,경기도,구리소방서,교문119안전센터,경기도 구리시 아차산로487번길 46,031-570-6500,031-280-8730
528,경기도,구리소방서,인창119안전센터,경기도 건원대로34번길 28,031-570-6510,031-280-8731
529,경기도,구리소방서,갈매119안전센터,경기도 구리시 산마루로68,031-570-6520,031-280-8884
530,경기도,포천소방서,군내119안전센터,경기도 포천시 호국로 1538,031-538-5500,031-280-8750
531,경기도,포천소방서,소흘119안전센터,경기도 포천시 소흘읍 송우로 182,031-538-5510,031-280-8751
532,경기도,포천소방서,영북119안전센터,경기도 포천시 영북면 영북로 144,031-538-5520,031-280-8752
533,경기도,포천소방서,일동119안전센터,경기도 포천시 일동면 영일로 978,031-538-5530,031-280-8753
534,경기도,포천소방서,가산119안전센터,경기도 포천시 포천로 890,031-538-5540,031-280-8754
535,경기도,포천소방서,내촌119안전센터,경기도 포천시 내촌면 내촌로 120,031-538-5550,031-280-8755
536,경기도,포천소방서,영중119안전센터,경기도 포천시 영중면 양문로 66,031-538-5560,031-280-8756
537,경기도,포천소방서,선단119안전센터,경기도 포천시 호국로 1007-33,031-538-5570,031-280-8898
538,경기도,양주소방서,백석119안전센터,경기도 양주시 꿈나무로 156,031-849-8500,031-280-8836
539,경기도,양주소방서,회천119안전센터,경기도 양주시 화합로 1272,031-849-8510,031-280-8837
540,경기도,양주소방서,광적119안전센터,경기도 양주시 광적면 광적로 55,031-849-8520,031-280-8838
541,경기도,양주소방서,고읍119안전센터,경기도 양주시 고덕로 266,031-849-8530,031-280-8839
542,경기도,양주소방서,남면119안전센터,경기도 양주시 남면 삼육사로 247,031-849-8540,031-280-8840
543,경기도,양주소방서,장흥119안전센터,경기도 양주시 장흥면 일영로 794,031-849-8550,031-280-8841
544,경기도,양주소방서,옥정119안전센터,경기도 양주시 옥정로 8길 52,031-849-8560,031-280-8876
545,경기도,동두천소방서,불현119안전센터,경기도 동두천시 지행로 6,031-830-5500,031-280-8811
546,경기도,동두천소방서,소요119안전센터,경기 동두천시 평화로2910번길 65,031-830-5510,031-280-8811
547,경기도,가평소방서,가평119안전센터,경기도 가평군 가평읍 가화로 36,031-734-500,031-580-0509
548,경기도,가평소방서,조종119안전센터,경기도 가평군 조종면 현창로 14,031-734-520,031-580-0529
549,경기도,가평소방서,설악119안전센터,경기도 가평군 설악면 한서로 12,031-734-530,031-580-0599
550,경기도,연천소방서,은대119안전센터,경기도 연천군 전곡읍 평화로 892,031-830-0500,031-280-8830
551,경기도,연천소방서,백학119안전센터,경기도 연천군 백학면 통구리 1067,031-830-0530,031-830-0539
552,경기도,연천소방서,전곡119안전센터,경기도 연천군 전곡읍 전곡로 27,031-830-0510,031-830-0519
553,경기도,연천소방서,연천119안전센터,경기도 연천군 연천읍 차현로 92,031-830-0520,031-830-0529
554,강원도,춘천소방서,후평119안전센터,강원도 춘천시 후석로 446(후평동),033-248-4119,033-248-9519
555,강원도,춘천소방서,소양119안전센터,강원도 춘천시 가연길16번길 16,033-256-0119,033-248-9529
556,강원도,춘천소방서,효자119안전센터,강원도 춘천시 효명길 8,033-251-0119,033-248-9539
557,강원도,춘천소방서,대룡119안전센터,강원도 춘천시 동내면 고은길 9,033-262-7119,033-248-9549
558,강원도,춘천소방서,강촌119안전센터,강원도 춘천시 소주고개길 680,033-262-2119,033-248-9559
559,강원도,춘천소방서,신북119안전센터,강원도 춘천시 신북읍 신북로 35,033-243-5119,033-248-9569
560,강원도,원주소방서,혁신119안전센터,강원도 원주시 동부순환로 201(반곡동),033-769-1592,033-769-1599
561,강원도,원주소방서,명륜119안전센터,강원도 원주시 명륜동 832,033-763-6119,033-769-1599
562,강원도,원주소방서,학성119안전센터,강원도 원주시 학성길 122,033-732-4119,033-769-1529
563,강원도,원주소방서,단구119안전센터,강원도 원주시 강변로 255,033-763-1119,033-769-1539
564,강원도,원주소방서,신림119안전센터,강원도 원주시 신림면 치악로 27,033-763-8118,033-769-1549
565,강원도,원주소방서,우산119안전센터,강원도 원주시 우산공단길 9,033-742-6119,033-742-1559
566,강원도,원주소방서,태장119안전센터,강원도 원주시 태장공단길 4,033-734-0119,033-769-1569
567,강원도,원주소방서,문막119안전센터,강원도 원주시 문막읍 문막시장1길 90,033-735-0119,033-769-1579
568,강원도,원주소방서,흥업119안전센터,강원도 원주시 흥업면 북원로 1569-81,033-765-2119,033-769-1589
569,강원도,원주소방서,기업119안전센터,강원도 원주시 지정면 가곡리 1359-6,033-731-6119,033-769-1479
570,강원도,강릉소방서,유천119안전센터,강원도 강릉시 선수촌로 64-28(홍제동),033-645-0119,033-610-8519
571,강원도,강릉소방서,옥천119안전센터,강원도 강릉시 용지로 139(옥천동),033-648-2119,033-610-8529
572,강원도,강릉소방서,경포119안전센터,강원도 강릉시 해안로 502(안현동),033-644-2119,033-610-8539
573,강원도,강릉소방서,내곡119안전센터,강원도 강릉시 범일로 660(내곡동),033-647-7119,033-610-8549
574,강원도,강릉소방서,주문진119안전센터,강원도 강릉시 연곡면 연주로 226,033-662-2119,033-610-8559
575,강원도,강릉소방서,포남119안전센터,강원도 강릉시 하평2길 23(포남동),033-653-0119,033-610-8569
576,강원도,강릉소방서,옥계119안전센터,강원도 강릉시 옥계면 현내시장길 163,033-534-0119,033-610-8579
577,강원도,동해소방서,천곡119안전센터,강원도 동해시 천곡로 120(천곡동),033-533-3119,033-530-8129
578,강원도,동해소방서,묵호119안전센터,강원도 동해시 일출로 29(발한동),033-532-2119,033-530-8529
579,강원도,동해소방서,북삼119안전센터,강원도 동해시 효자남길 33-10(동회동),033-521-3119,033-530-8539
580,강원도,동해소방서,북평119안전센터,강원도 동해시 공단1로 21(구호동),033-521-5119,033-530-8549
581,강원도,태백소방서,황지119안전센터,강원도 태백시 태백로 1120(황지동),033-552-2119,033-550-8519
582,강원도,태백소방서,장성119안전센터,강원도 태백시 석공길 16-9,033-581-6119,033-550-8529
583,강원도,태백소방서,철암119안전센터,강원도 태백시 동태백로 552,033-582-9119,033-550-8539
584,강원도,태백소방서,화전119안전센터,강원도 태백시 태백로 814,033-553-6119,033-550-8549
585,강원도,속초소방서,노학119안전센터,강원도 속초시 미시령로 3226,033-636-2119,033-630-2519
586,강원도,속초소방서,영랑119안전센터,강원도 속초시 번영로 188,033-632-9119,033-630-2539
587,강원도,속초소방서,설악119안전센터,강원도 속초시 청봉로5길 37,033-636-7119,033-630-2529
588,강원도,삼척소방서,봉황119안전센터,강원도 삼척시 봉황로 101,033-570-8510,033-570-8519
589,강원도,삼척소방서,도계119안전센터,강원도 삼척시 도계읍 도계강변3길 16,033-541-2119,033-570-8529
590,강원도,삼척소방서,원덕119안전센터,강원도 삼척시 원덕읍 삼척로 581,033-572-6119,033-570-8539
591,강원도,삼척소방서,근덕119안전센터,강원도 삼척시 근덕면 교가길 37,033-574-1119,033-570-8549
592,강원도,홍천소방서,홍천119안전센터,강원도 홍천군 홍천읍 공작산로 99,033-435-0119,033-439-2129
593,강원도,홍천소방서,양덕원119안전센터,강원도 홍천군 남면 시동로 46,033-432-4119,033-439-2529
594,강원도,홍천소방서,서석119안전센터,강원도 홍천군 서석면 풍암길2길 9,033-433-4119,033-439-2539
595,강원도,홍천소방서,팔봉119안전센터,강원도 홍천군 서면 팔봉산로 523,033-434-0119,033-439-2549
596,강원도,횡성소방서,횡성119안전센터,강원도 횡성군 횡성읍 문예로 157,033-340-9511,033-340-9129
597,강원도,횡성소방서,둔내119안전센터,강원도 횡성군 둔내면 고원남로 42,033-342-1119,033-340-9529
598,강원도,횡성소방서,우천119안전센터,강원도 횡성군 우천면 서동로 199,033-342-6119,033-340-9539
599,강원도,횡성소방서,공근119안전센터,강원도 횡성군 공근면 영서로 130-5,033-344-3119,033-340-9549
600,강원도,영월소방서,영월119안전센터,강원도 영월군 영월읍 영월로 1863,033-374-2119,033-371-7549
601,강원도,영월소방서,주천119안전센터,강원도 영월군 주천면 송학주천로 1467-15,033-372-7119,033-371-7529
602,강원도,영월소방서,중동119안전센터,강원도 영월군 중동면 응고개길 10-17,033-378-4119,033-371-7539
603,강원도,평창소방서,평창119안전센터,강원도 평창군 평창읍 살구실길 10,033-332-2119,033-339-8519
604,강원도,평창소방서,진부119안전센터,강원도 평창군 진부면 진부로 37,033-335-7119,033-339-8529
605,강원도,평창소방서,봉평119안전센터,강원도 평창군 봉평면 기풍로 107-6,033-336-0119,033-339-8539
606,강원도,평창소방서,대관령119안전센터,강원도 평창군 대관령면 올림픽로 62-20,033-335-5119,033-339-8549
607,강원도,평창소방서,대화119안전센터,강원도 평창군 대화면 평창대로 934,033-333-2119,033-339-8559
608,강원도,정선소방서,조양119안전센터,강원도 정선군 정선읍 녹송로 27,033-560-6511,033-560-6519
609,강원도,정선소방서,고한119안전센터,강원도 정선군 고한읍 강원남로 6455,033-591-3119,033-560-6539
610,강원도,정선소방서,신동119안전센터,강원도 정선군 신동읍 의림로 342,033-378-0119,033-560-6529
611,강원도,정선소방서,임계119안전센터,강원도 정선군 임계면 송계4길 9,033-562-6119,033-560-6549
612,강원도,정선소방서,사북119안전센터,강원도 정선군 사북읍 하이원길 29,033-592-2119,033-560-6559
613,강원도,철원소방서,태봉119안전센터,강원도 철원군 갈말읍 태봉로 1504,033-450-2510,033-450-2519
614,강원도,철원소방서,동송119안전센터,강원도 철원군 동송읍 금학로 251길 17,033-455-2119,033-450-2539
615,강원도,철원소방서,김화119안전센터,강원도 철원군 서면 약수로 76,033-458-1119,033-450-2549
616,강원도,철원소방서,갈말119안전센터,강원도 철원군 갈말읍 명성로 229,033-452-0119,033-450-2559
617,강원도,화천소방서,화천119안전센터,강원도 화천군 하남면 위라리길 47,033-440-7510,033-440-7519
618,강원도,양구소방서,양구119안전센터,강원도 양구군 양구읍 중심로 92,033-480-4514,033-480-4519
619,강원도,인제소방서,인제119안전센터,강원도 인제군 인제읍 비봉로 44번길 71,033-460-9510,
620,강원도,인제소방서,원통119안전센터,강원도 인제군 북면 원통로 301,033-461-3119,033-460-9529
621,강원도,인제소방서,기린119안전센터,강원도 인제군 기린면 대내로 34-14,033-461-5119,033-460-9539
622,강원도,고성소방서,간성119안전센터,강원도 고성군 간성읍 수성로 37-11,033-680-7513,033-680-7519
623,강원도,고성소방서,동광119안전센터,강원도 고성군 토성면 동해대로 5320,033-680-7532,033-680-7539
624,강원도,고성소방서,거진119안전센터,강원도 고성군 거진읍 수외길 19,033-680-7522,033-680-7529
625,강원도,양양소방서,양양119안전센터,강원도 양양군 양양읍 남대천로 33,033-639-7511,033-639-7519
626,강원도,양양소방서,하조대119안전센터,강원도 양양군 현북면 동해대로 1155-33,033-672-2119,033-639-7529
627,강원도,양양소방서,강현119안전센터,강원도 양양군 강현면 장산1길 26,033-673-9119,033-639-7539
628,충청북도,청주동부소방서,영운119안전센터,충청북도 청주시 상당구 영운로 61,043-251-0222,043-251-0239
629,충청북도,청주동부소방서,사천119안전센터,충청북도 청주시 청원구 밀레니엄1로 63,043-251-0245,043-251-0249
630,충청북도,청주동부소방서,북문119안전센터,충청북도 청주시 상당구 상당로 168,043-251-0255,043-251-0259
631,충청북도,청주동부소방서,문의119안전센터,충청북도 청주시 상당구 문의면 문의시내1길 8,043-251-0265,043-251-0269
632,충청북도,청주동부소방서,내수119안전센터,충청북도 청주시 청원구 내수읍 청암로80,043-251-0275,043-251-0279
633,충청북도,청주동부소방서,오창119안전센터,충청북도 청주시 청원구 오창읍 중심상업2로 30,043-251-0285,043-251-0289
634,충청북도,청주서부소방서,가경119안전센터,충청북도 청주시 흥덕구 가경로 143,043-249-9804,043-249-9268
635,충청북도,청주서부소방서,복대119안전센터,충청북도 청주시 흥덕구 공단로 93,043-249-9822,043-265-0119
636,충청북도,청주서부소방서,산남119안전센터,충청북도 청주시 서원구 산미로 70,043-249-9837,043-283-0119
637,충청북도,청주서부소방서,사직119안전센터,충청북도 청주시 서원구 사직대로 229,043-249-9852,043-263-019
638,충청북도,청주서부소방서,남이119안전센터,충청북도 청주시 서원구 청남로 866,043-249-9867,043-260-6119
639,충청북도,청주서부소방서,오송119안전센터,충청북도 청주시 흥덕구 오송생명3로 71-5,043-249-9882,043-239-2119
640,충청북도,충주소방서,목행119안전센터,충청북도 충주시 목행산단7로 9,043-841-3331,043-841-3329
641,충청북도,충주소방서,호암119안전센터,충청북도 충주시 호암대로 13,043-841-3341,043-844-8119
642,충청북도,충주소방서,연수119안전센터,충청북도 충주시 동수10길 1,043-841-3382,043-857-7921
643,충청북도,충주소방서,서충주119안전센터,충청북도 충주시 대소원면 영평리 538 ,043-841-3391,043-841-3395
644,충청북도,충주소방서,수안보119안전센터,충청북도 충주시 수안보면 관동길 9-7,043-841-3351,043-846-1119
645,충청북도,충주소방서,주덕119안전센터,충청북도 충주시 주덕읍 산양로 35,043-841-3361,043-846-4119
646,충청북도,충주소방서,앙성119안전센터,충청북도 충주시 앙성면 가곡로 1019,043-841-3371,043-847-0118
647,충청북도,제천소방서,의림지119안전센터,충청북도 제천시 신죽하로 164,043-641-7300,043-641-7309
648,충청북도,제천소방서,화산119안전센터,충청북도 제천시 강명길 17,043-641-7311,043-647-0119
649,충청북도,제천소방서,봉양119안전센터,충청북도 제천시 봉양읍 북부로1433,043-641-7341,043-648-6319
650,충청북도,보은소방서,보은119안전센터,충청북도 보은군 보은읍 남부로 4415,043-773-0210,043-773-0219
651,충청북도,보은소방서,속리산119안전센터,충청북도 보은군 속리산면 법주사로 278,043-773-0230,043-773-0239
652,충청북도,보은소방서,구병산119안전센터,충청북도 보은군 마로면 관기 송현로 48,043-773-0250,043-773-0259
653,충청북도,옥천소방서,옥천119안전센터,충청북도 옥천군 옥천읍 동부로 15,043-730-1900,043-730-1909
654,충청북도,옥천소방서,청산119안전센터,충청북도 옥천군 청산면 남부로 2306,043-730-1920,043-730-1929
655,충청북도,영동소방서,영동119안전센터,충청북도 영동군 영동읍 영동황간로 174,043-740-7110,043-740-7129
656,충청북도,영동소방서,황간119안전센터,충청북도 영동군 황간면 황간로 132,043-740-7140,043-740-7159
657,충청북도,영동소방서,학산119안전센터,충청북도 영동군 학산면 서산로 92,043-740-7170,043-740-7179
658,충청북도,증평소방서,증평119안전센터,충청북도 증평군 충청대로 1789,043-836-4119,043-830-0155
659,충청북도,진천소방서,진천119안전센터,충청북도  진천군 진천읍 진광로 93,043-539-8200,043-539-8209
660,충청북도,진천소방서,덕산119안전센터,충청북도  진천군 덕산읍 초금로 606-1,043-539-8240,043-539-8249
661,충청북도,진천소방서,광혜원119안전센터,충청북도  진천군 광혜원면 화랑길 99,043-539-8220,043-539-8229
662,충청북도,괴산소방서,괴산119안전센터,충청북도 괴산군 괴산읍 괴강로 69,043-760-0214,043-760-0219
663,충청북도,괴산소방서,청천119안전센터,충청북도 괴산군 청천면 선평길 78-9,043-760-0235,043-760-0239
664,충청북도,음성소방서,금왕119안전센터,충청북도 음성군 금왕읍 응천서길 11,043-880-0301,043-880-0129
665,충청북도,음성소방서,음성119안전센터,충청북도 음성군 음성읍 음성로 122,043-872-2119,043-873-6119
666,충청북도,음성소방서,대소119안전센터,충청북도 음성군 대소면 오산로 74,043-881-7119,043-878-1196
667,충청북도,음성소방서,감곡119안전센터,충청북도 음성군 감곡면 음성로 2652,043-881-3119,043-878-1197
668,충청북도,음성소방서,삼성119안전센터,충청북도 음성군 삼성면 금일로 831,043-878-5119,043-878-0126
669,충청북도,단양소방서,단양119안전센터,충청북도 단양군 단양읍 삼봉로 421-56,043-767-4210,043-841-3329
670,충청북도,단양소방서,매포119안전센터,충청북도 단양군 매포읍 평동4로 79,043-767-4230,043-767-4239
671,충청남도,천안동남소방서,구성119안전센터,충청남도 천안시 동남구 천안대로 580,041-570-0332,041-570-0349
672,충청남도,천안동남소방서,독립119안전센터,충청남도 천안시 동남구 목천읍 독립기념관로1,041-570-0362,041-557-3119
673,충청남도,천안동남소방서,병천119안전센터,충청남도 천안시 동남구 병천면 아우내순대길 78,041-570-0382,041-569-0119
674,충청남도,천안동남소방서,청당119안전센터,충청남도 천안시 동남구 청수14로 91,041-570-0406,041-553-1192
675,충청남도,천안동남소방서,풍세119안전센터,충청남도 천안시 동남구 풍세면 풍세로 89,041-570-0428,070-4001-6460
676,충청남도,천안서북소방서,차암119안전센터,충청남도 천안시 서북구 직산읍 4산단2길 32,041-360-0330,041-360-0349
677,충청남도,천안서북소방서,성거119안전센터,충청남도 천안시 서북구 성거읍 천흥8길 11번,041-360-0360,041-622-0119
678,충청남도,천안서북소방서,서부119안전센터,충청남도 천안시 서북구 양지18길 22번,041-360-0380,041-576-2110
679,충청남도,천안서북소방서,두정119안전센터,충청남도 천안시 서북구 1공단2길 13,041-360-0400,041-565-2119
680,충청남도,천안서북소방서,성환119안전센터,충청남도 천안시 서북구 성환읍 성환1로 395번,041-360-0420,041-583-2119
681,충청남도,천안서북소방서,쌍용119안전센터,충청남도 천안시 서북구 월봉로 78번,041-360-0440,041-577-3119
682,충청남도,천안서북소방서,입장119안전센터,충청남도 천안시 서북구 입장면 망향로 1107번,041-360-0460,041-584-5119
683,충청남도,천안서북소방서,직산119안전센터,충청남도 천안시 서북구 직산읍 직산로 246,041-360-0480,
684,충청남도,천안서북소방서,불당119안전센터,충청남도 천안시 서북구 불당23로 62,041-360-0490,
685,충청남도,공주소방서,웅진119안전센터,충청남도 공주시 무령로 55,041-851-0332,041-851-0349
686,충청남도,공주소방서,유구119안전센터,충청남도 공주시 유구읍 유구외곽로 368,041-851-0362,041-841-7119
687,충청남도,공주소방서,신관119안전센터,충청남도 공주시 의당로 31,041-851-0382,041-852-7119
688,충청남도,공주소방서,동학사119안전센터,충청남도 공주시 반포면 동학사1로 110,041-851-0402,041-822-6108
689,충청남도,공주소방서,계룡119안전센터,충청남도 공주시 계룡면 월암송정길 18,041-851-0422,041-852-3119
690,충청남도,공주소방서,정안119안전센터,충청남도 공주시 정안면 광정장터길 18,041-851-0442,
691,충청남도,보령소방서,명천119안전센터,충청남도 보령시 성주산로 63,041-930-0332,041-930-0349
692,충청남도,보령소방서,신흑119안전센터,충청남도 보령시 대천항로 205,041-930-0362,041-931-0217
693,충청남도,보령소방서,웅천119안전센터,충청남도 보령시 웅천읍 충서로 947,041-930-0383,041-932-5119
694,충청남도,보령소방서,오천119안전센터,충청남도 보령시 오천면 충청수영로 701,041-930-0405,041-934-1190
695,충청남도,보령소방서,주포119안전센터,충청남도 보령시 주포면 질재로 47-16,041-930-0424,041-930-0423
696,충청남도,아산소방서,모종119안전센터,충청남도 아산시 모종로 77,041-538-0332,041-538-0219
697,충청남도,아산소방서,둔포119안전센터,충청남도 아산시 충무로 1848,041-538-0362,041-531-8119
698,충청남도,아산소방서,인주119안전센터,충청남도 아산시 인주면 공세길 19,041-538-0402,041-534-5119
699,충청남도,아산소방서,신창119안전센터,충청남도 아산시 신창면 순천향로 48,041-538-0382,041-541-2019
700,충청남도,아산소방서,배방119안전센터,충청남도 아산시 배방읍 배방로 38,041-538-0422,041-534-1121
701,충청남도,아산소방서,탕정119안전센터,충청남도 아산시 탕정면 탕정면로 26,041-538-0442,041-546-1119
702,충청남도,아산소방서,장재119안전센터,충청남도 아산시 배방읍 용연로 88,041-538-0462,041-548-0470
703,충청남도,서산소방서,예천119안전센터,충청남도 서산시 호수공원 14로 26-4,041-689-0332,041-689-0349
704,충청남도,서산소방서,대산119안전센터,충청남도 서산시 대산읍 망일산로 831-15,041-689-0362,041-681-5019
705,충청남도,서산소방서,동부119안전센터,충청남도 서산시 학동3로 52,041-689-0382,041-668-4118
706,충청남도,서산소방서,해미119안전센터,충청남도 서산시 해미면 성지3길 29,041-689-0402,041-688-2118
707,충청남도,서산소방서,부석119안전센터,충청남도 서산시 부석면 강경벌로 10,041-689-0422,041-669-1196
708,충청남도,서산소방서,성연119안전센터,충청남도 서산시 성연면 성연5로 92-31,041-689-0442,041-664-3119
709,충청남도,논산소방서,내동119안전센터,충청남도 논산시 대학로 17,041-730-0333,041-730-0349
710,충청남도,논산소방서,반월119안전센터,충청남도 논산시 해월로 155,041-730-0404,041-733-3119
711,충청남도,논산소방서,강경119안전센터,충청남도 논산시 강경읍 동안로 3 ,041-730-0362,041-745-0729
712,충청남도,논산소방서,연산119안전센터,충청남도 논산시 연산면 관창로 54,041-730-0429,041-735-9375
713,충청남도,논산소방서,연무119안전센터,충청남도 논산시 연무읍 동안로 1137,041-730-0382,041-742-7119
714,충청남도,계룡소방서,엄사119안전센터,충청남도 계룡시 엄사면 문화로32,042-540-5330,042-540-5349
715,충청남도,계룡소방서,두마119안전센터,충청남도 계룡시 두마면 사계로 170,042-540-5360,042-841-0411
716,충청남도,당진소방서,당진119안전센터,충청남도 당진시 역천로 838,041-350-5338,041-350-5338
717,충청남도,당진소방서,석문119안전센터,충청남도 당진시 석문면 보덕포로 1069-21,041-350-5362,041-350-5362
718,충청남도,당진소방서,합덕119안전센터,충청남도 당진시 우강면 중방로 2,041-350-5382,041-350-5382
719,충청남도,당진소방서,송악119안전센터,충청남도 당진시 송악읍 송악로 1019,041-350-5402,041-350-5402
720,충청남도,당진소방서,신평119안전센터,충청남도 당진시 신평면 신평길 133,041-350-5422,041-350-5422
721,충청남도,당진소방서,기지시119안전센터,충청남도 당진시 송악읍 틀모시로 844,041-350-5442,041-350-5442
722,충청남도,금산소방서,금산119안전센터,충청남도 금산군 금산읍 삼풍로 2,041-750-1332,041-750-1309
723,충청남도,금산소방서,추부119안전센터,충청남도 금산군 추부면 삼육로 47,041-750-1362,041-754-4399
724,충청남도,금산소방서,복진119안전센터,충청남도 금산군 진산면 읍내로 49-1,041-750-1382,041-752-1479
725,충청남도,부여소방서,백제119안전센터,충청남도 부여군 규암면 계백로17,041-830-0331,041-830-0349
726,충청남도,부여소방서,사비119안전센터,충청남도 부여군 부여읍 북포로 29,041-830-0362,041-835-2119
727,충청남도,부여소방서,홍산119안전센터,충청남도 부여군 홍산면 북토로 89,041-830-0382,041-835-9119
728,충청남도,부여소방서,임천119안전센터,충청남도 부여군 임천면 성흥로179번길1,041-830-0402,041-833-5119
729,충청남도,부여소방서,외산119안전센터,충청남도 부여군 외산면 만수로 235,041-830-0422,041-836-2119
730,충청남도,서천소방서,장항119안전센터,충청남도 서천군 장항읍 장항로 37,041-955-0330,041-955-0349
731,충청남도,서천소방서,서천119안전센터,충청남도 서천군 서천읍 충절로49번길 33-8,041-955-0360,041-953-1190
732,충청남도,서천소방서,비인119안전센터,충청남도 서천군 비인면 비인로 141,041-955-0380,041-952-0149
733,충청남도,서천소방서,서면119안전센터,충청남도 서천군 서면 부사로 153,041-955-0400,041-951-3911
734,충청남도,서천소방서,한산119안전센터,충청남도 서천군 한산면 충절로 1164,041-955-0420,041-952-1110
735,충청남도,서천소방서,판교119안전센터,충청남도 서천군 판교면 대백제로 1953-24,041-955-0440,041-951-0119
736,충청남도,청양소방서,청양119안전센터,충청남도 청양군 청양읍 충절로 1187,041-940-7332,041-940-7349
737,충청남도,청양소방서,정산119안전센터,충청남도 청양군 정산면 서정4길 49,041-940-7362,041-940-7113
738,충청남도,홍성소방서,구룡119안전센터,충청남도 홍성군 홍성읍 충절로 741,041-630-0334,041-630-0349
739,충청남도,홍성소방서,광천119안전센터,충청남도 홍성군 광천읍 충서로 354,041-630-0382,041-642-6119
740,충청남도,홍성소방서,옥암119안전센터,충청남도 홍성군 홍성읍 충서로 1258,041-630-0362,041-631-8240
741,충청남도,홍성소방서,내포119안전센터,충청남도 홍성군 홍북읍 의향로 133,041-630-0422,041-635-9120
742,충청남도,홍성소방서,갈산119안전센터,충청남도 홍성군 갈산면 갈산로150번길 16,041-630-0402,041-634-3119
743,충청남도,예산소방서,오가119안전센터,충청남도 예산군 오가면 오가중앙로 111,041-330-4332,041-330-4349
744,충청남도,예산소방서,금오119안전센터,충청남도 예산군 예산읍 예당관광로 760,041-330-4362,041-335-3119
745,충청남도,예산소방서,삽교119안전센터,충청남도 예산군 삽교읍 삽교로1길 34,041-330-4382,041-338-3119
746,충청남도,예산소방서,덕산119안전센터,충청남도 예산군 덕산면 도청대로 1160,041-330-4402,041-338-4119
747,충청남도,태안소방서,태안119안전센터,충청남도 태안군 태안읍 동백로 100,041-671-0332,041-671-0349
748,충청남도,태안소방서,안면119안전센터,충청남도 태안군 안면읍 장터로 77,041-671-0362,041-673-1192
749,충청남도,태안소방서,원북119안전센터,충청남도 태안군 원북면 원이로 1031,041-671-0382,041-672-2119
750,전라북도,전주덕진소방서,금암119안전센터,전라북도 전주시 덕진구 백제대로 611,063-250-4272,063-250-4269
751,전라북도,전주덕진소방서,아중119안전센터,전라북도 전주시 덕진구 진버들4길 16,063-250-4275,063-250-4298
752,전라북도,전주덕진소방서,팔복119안전센터,전라북도 전주시 덕진구 온고을로 430,063-250-4273,063-250-4296
753,전라북도,전주덕진소방서,전미119안전센터,전라북도 전주시 덕진구 과학로 144,063-250-4274,063-250-4297
754,전라북도,전주완산소방서,효자119안전센터,전라북도 전주시 완산구 거마평로 73,063-220-4272,063-220-4237
755,전라북도,전주완산소방서,서부119안전센터,전라북도 전주시 완산구 우전로 228,063-228-0119,063-220-4227
756,전라북도,전주완산소방서,교동119안전센터,전라북도 전주시 완산구 경기전길 183,063-284-0119,063-220-4247
757,전라북도,전주완산소방서,노송119안전센터,전라북도 전주시 완산구 관선4길 38,063-287-7119,063-220-4257
758,전라북도,전주완산소방서,평화119안전센터,전라북도 전주시 완산구 평화로 105,063-236-4119,063-220-4267
759,전라북도,전주완산소방서,임실119안전센터,전라북도 임실군 임실읍 감천로 33,063-642-2119,063-220-4277
760,전라북도,군산소방서,사정119안전센터,전라북도 군산시 번영로 308 ,063-450-0228,063-289-1043
761,전라북도,군산소방서,금동119안전센터,전라북도 군산시 군산창길 1,063-450-0274,063-289-1044
762,전라북도,군산소방서,항만119안전센터,전라북도 군산시 임해로 462,063-450-0275,063-289-1045
763,전라북도,군산소방서,비응119안전센터,전라북도 군산시 새만금북로 43,063-450-0279,063-289-1046
764,전라북도,군산소방서,지곡119안전센터,전라북도 군산시 백토로 223,063-450-0273,063-289-1047
765,전라북도,군산소방서,경암119안전센터,전라북도 군산시 구암3.1로 147,063-450-0277,063-289-1048
766,전라북도,군산소방서,산북119안전센터,전라북도 군산시 산북로 71-11,063-450-0276,063-289-1049
767,전라북도,군산소방서,대야119안전센터,전라북도 군산시 대야면 대야관통로 5,063-450-0278,063-289-1050
768,전라북도,익산소방서,팔봉119안전센터,전라북도 익산시 무왕로 1338,063-836-2119,063-839-3289
769,전라북도,익산소방서,남중119안전센터,전라북도 익산시 인북로 397,063-855-0119,063-837-5119
770,전라북도,익산소방서,공단119안전센터,전라북도 익산시 선화로 429,063-833-0119,063-838-8119
771,전라북도,익산소방서,인화119안전센터,전라북도 익산시 목천로 301,063-852-0119,063-842-7119
772,전라북도,익산소방서,모현119안전센터,전라북도 익산시 배산로 181,063-853-0119,063-855-1119
773,전라북도,익산소방서,함열119안전센터,전라북도 익산시 함열읍 함열중앙로 133,063-861-0119,063-861-7119
774,전라북도,익산소방서,금마119안전센터,전라북도 익산시 금마면 미륵사지로 130,063-839-3278,063-838-1191
775,전라북도,정읍소방서,하북119안전센터,전라북도 정읍시 서부산업도로 507-5,063-570-1272,063-570-1229
776,전라북도,정읍소방서,시기119안전센터,전라북도 정읍시 정읍남로 1421,063-570-1273,063-570-1249
777,전라북도,정읍소방서,신태인119안전센터,전라북도 정읍시 신태인읍 정신로 1241,063-570-1274,063-570-1269
778,전라북도,정읍소방서,영원119안전센터,전라북도 정읍시 영원면 영원로 1048,063-570-1275,063-570-1289
779,전라북도,정읍소방서,칠보119안전센터,전라북도 정읍시 태산로 2165 ,063-570-1276,
780,전라북도,남원소방서,식정119안전센터,전라북도 남원시 요천로 1965,063-626-0119,063-630-8385
781,전라북도,남원소방서,인월119안전센터,전라북도 남원시 인월면 황산로 1828,063-636-5119,063-635-4119
782,전라북도,남원소방서,금지119안전센터,전라북도 남원시 금지면 요천로 430,063-635-2119,063-631-2119
783,전라북도,김제소방서,교동119안전센터,전라북도 김제시 벽성로 278,063-540-4272,063-540-4289
784,전라북도,김제소방서,만경119안전센터,전라북도 김제시 만경읍 만경공단1길 7,063-540-4273,063-540-4299
785,전라북도,김제소방서,금산119안전센터,전라북도 김제시 금산면 금산사로 29,063-540-4274,063-540-4279
786,전라북도,완주소방서,봉동119안전센터,전라북도 완주군 삼례읍 삼봉로 518,063-290-0272,063-290-0384
787,전라북도,완주소방서,삼례119안전센터,전라북도 완주군 삼례읍 삼례역로 27,063-290-0273,063-290-0385
788,전라북도,완주소방서,고산119안전센터,전라북도 완주군 고산면 고산로 49,063-290-0274,063-290-0386
789,전라북도,완주소방서,혁신119안전센터,전라북도 완주군 이서면 지사제2로 12,063-290-0275,063-290-0387
790,전라북도,진안소방서,진안119안전센터,전라북도 진안군 진안읍 쇠징계로 9,063-350-5273,063-786-5384
791,전라북도,진안소방서,마령119안전센터,전라북도 진안군 마령면 임진로 2077-24,063-350-5276,063-432-4119
792,전라북도,장수소방서,장계119안전센터,전라북도 장수군 장계면 육십령로 136,063-350-6272,063-289-1143
793,전라북도,장수소방서,무주119안전센터,전라북도 무주군 무주읍 당산강변로 126,063-350-6274,063-289-1145
794,전라북도,장수소방서,구천동119안전센터,전라북도 무주군 설천면 구천동1로 54,063-350-6286,063-289-1147
795,전라북도,장수소방서,장수119안전센터,전라북도 장수군 장수읍 호비로 42,063-350-6275,063-289-1146
796,전라북도,순창소방서,순창119안전센터,전라북도 순창군 순창읍 교성로 24,063-650-9272,063-289-1153
797,전라북도,고창소방서,고창119안전센터,전라북도 고창군 고창읍 녹두로 1294,063-560-1272,063-289-1123
798,전라북도,고창소방서,무장119안전센터,전라북도 고창군 무장면 무장남북로 20-5,063-560-1273,063-289-1124
799,전라북도,고창소방서,흥덕119안전센터,전라북도 고창군 흥덕면 문화2길 21,063-560-1274,063-289-1125
800,전라북도,고창소방서,대산119안전센터,전라북도 고창군 대산면 공음대산로 932,063-560-1275,063-289-1126
801,전라북도,부안소방서,부안119안전센터,전라북도 부안군 행안면 변산로 86,063-580-1272,063-580-1296
802,전라북도,부안소방서,격포119안전센터,전라북도 부안군 변산면 격포항길 64-17,063-580-1273,063-580-1284
803,전라북도,목포소방서,하당119안전센터,전라남도 목포시 삼향천로 110,061-280-0890,061-286-0910
804,전라북도,목포소방서,호남119안전센터,전라남도 목포시 영산로 165,061-280-0925,061-280-0929
805,전라북도,목포소방서,경동119안전센터,전라남도 목포시 유동로 42번길 1,061-280-0930,061-280-0934
806,전라북도,목포소방서,삼학119안전센터,전라남도 목포시 삼학로 218,061-280-0935,061-280-0939
807,전라북도,목포소방서,연산119안전센터,전라남도 목포시 산정공단로 64,061-280-0940,061-280-0944
808,전라북도,여수소방서,학동119안전센터,전라남도 여수시 망마로 20,061-680-0890,061-680-0910
809,전라북도,여수소방서,평여119안전센터,전라남도 여수시 여수산단로 321(평여동),061-680-0940,061-680-0944
810,전라북도,여수소방서,소라119안전센터,전라남도 여수시 소라면 여순로 297,061-680-0955,061-680-0959
811,전라북도,여수소방서,연등119안전센터,전라남도 여수시 좌수영로 162(연등동),061-680-0925,061-680-0929
812,전라북도,여수소방서,여서119안전센터,전라남도 여수시 문수로 131(문수동),061-680-0945,061-680-0949
813,전라북도,여수소방서,봉산119안전센터,전라남도 여수시 어항단지로 222-5(남산동),061-680-0935,061-680-0939
814,전라북도,여수소방서,돌산119안전센터,전라남도 여수시 돌산읍 강남로 34,061-680-0950,061-680-0954
815,전라북도,순천소방서,서면119안전센터,전라남도 순천시 서면 삼산로 281,061-750-0894,061-750-0910
816,전라북도,순천소방서,저전119안전센터,전라남도 순천시 중앙로 19,061-750-0926,061-750-0929
817,전라북도,순천소방서,왕조119안전센터,전라남도 순천시 기적의도서관 1길 30,061-750-0931,061-750-0934
818,전라북도,순천소방서,연향119안전센터,전라남도 순천시 연향1로 26,061-750-0941,061-750-0944
819,전라북도,순천소방서,승주119안전센터,전라남도 순천시 승주읍 승평길 19-17,061-750-0936,061-750-0939
820,전라북도,순천소방서,구례119안전센터,전라남도 구례군 구례읍 양정4길 37,061-750-0946,061-750-0949
821,전라북도,순천소방서,해룡119안전센터,전라남도 순천시 해룡면 율촌산단5로 17,061-750-0952,061-750-0954
822,전라북도,순천소방서,신대119안전센터,전라남도 순천시 해룡면 매안로142,061-750-0956,061-750-0959
823,전라북도,나주소방서,경현119안전센터,전라남도 나주시 예향로 4201,061-330-0890,061-330-0940
824,전라북도,나주소방서,이창119안전센터,전라남도 나주시 이창택지길 6-13,061-330-0925,061-330-0929
825,전라북도,나주소방서,남평119안전센터,전라남도 나주시 남평읍 지석로 106,061-330-0930,061-330-0934
826,전라북도,나주소방서,빛가람119안전센터,전라남도 나주시 그린로 296,061-330-0935,061-330-0939
827,전라북도,광양소방서,중마119안전센터,전라남도 광양시 중마중앙로 109,061-798-0890,061-798-0910
828,전라북도,광양소방서,금호119안전센터,전라남도 광양시 희망길 12-12(금호동),061-798-0935,061-798-0939
829,전라북도,광양소방서,광양119안전센터,전라남도 광양시 광양읍 서변천로 175,061-798-0925,061-798-0929
830,전라북도,광양소방서,광영119안전센터,전라남도 광양시 금영로 87(광영동),061-798-0930,061-798-0934
831,전라북도,담양소방서,담양119안전센터,전라남도 담양군 담양읍 추성로 1232,061-380-0890,061-380-0910
832,전라북도,담양소방서,고서119안전센터,전라남도 고서면 창평헌로 398,061-380-0936,061-380-0939
833,전라북도,담양소방서,곡성119안전센터,전라남도 곡성군 곡성읍 학교로 7,061-380-0926,061-380-0919
834,전라북도,담양소방서,옥과119안전센터,전라남도 곡성군 옥과면 리문6길 29,061-380-0931,061-380-0934
835,전라북도,고흥소방서,고흥119안전센터,전라남도 고흥군 풍양면 고흥로 1330,061-840-0890,061-840-0910
836,전라북도,고흥소방서,도양119안전센터,전라남도 고흥군 도양읍 녹동신항5길 4,061-840-0925,061-840-0929
837,전라북도,고흥소방서,과역119안전센터,전라남도 고흥군 과역면 과역로 974,061-840-0933,061-840-0934
838,전라북도,보성소방서,벌교119안전센터,전라남도 보성군 벌교읍 녹색로 5247,061-859-0890,061-859-0910
839,전라북도,보성소방서,보성119안전센터,전라남도 보성군 보성읍 송재로 160,061-859-0925,061-859-0929
840,전라북도,보성소방서,홍교119안전센터,전라남도 보성군 벌교읍 홍암로 116-4,061-859-0930,061-859-0934
841,전라북도,화순소방서,화순119안전센터,전라남도 화순군 화순읍 학포로 2750,061-379-0891,061-379-0910
842,전라북도,화순소방서,능주119안전센터,전라남도 화순군 능주면 지석로 1428,061-379-0926,061-379-0930
843,전라북도,화순소방서,동복119안전센터,전라남도 화순군 동복면 천변길 7,061-379-0931,061-379-0933
844,전라북도,장흥소방서,장흥119안전센터,전라남도 장흥군 장흥읍 북부로 138,061-850-0891,061-850-0910
845,전라북도,장흥소방서,정남진119안전센터,전라남도 장흥군 관산읍 관산우회로 103,061-850-0926,061-850-0929
846,전라북도,강진소방서,강진119안전센터,전라남도 강진군 군동면 중앙로 223,061-430-0890,061-430-0910
847,전라북도,강진소방서,성전119안전센터,전라남도 강진군 성전면 송학리 837-2,061-430-0925,061-430-0929
848,전라북도,해남소방서,해남119안전센터,전라남도 해남군 해남읍 교육청길 82,061-530-0890,061-530-0910
849,전라북도,해남소방서,땅끝119안전센터,전라남도 해남군 송지면 미야길 237-3,061-530-0940,061-530-0944
850,전라북도,영암소방서,삼호119안전센터,전라남도 영암군 삼호읍 나불로 192,061-460-0890,061-460-0910
851,전라북도,영암소방서,영암119안전센터,전라남도 영암군 영암읍 월출로 46,061-460-0925,061-460-0929
852,전라북도,영암소방서,신북119안전센터,전라남도 영암군 신북면 모산리 661-1,061-460-0930,061-460-0934
853,전라북도,무안소방서,무안119안전센터,전라남도 무안군 무안읍 공항로 133,061-450-0890,061-450-0910
854,전라북도,무안소방서,일로119안전센터,전라남도 무안군 일로읍 삼일로 493-1,061-450-0925,061-450-0929
855,전라북도,무안소방서,해제119안전센터,전라남도 무안군 해제면 현해로 1621,061-450-0930,061-450-0934
856,전라북도,무안소방서,남악119안전센터,전라남도 무안군 삼향읍 남악5로72번길81-18,061-450-0935,061-450-0939
857,전라북도,함평소방서,함평119안전센터,전라남도 함평군 대동면 함장로 1202-93,061-338-0890,061-338-0910
858,전라북도,함평소방서,나산119안전센터,전라남도 함평군 나산면 함장로 2786,061-338-0925,061-338-0929
859,전라북도,영광소방서,영광119안전센터,전라남도 영광군 영광읍 함영로 3508,061-350-0890,061-350-0910
860,전라북도,영광소방서,홍농119안전센터,전라남도 영광군 홍농읍 홍농로 543,061-350-0925,061-350-0929
861,전라북도,장성소방서,장성119안전센터,전라남도 장성군 장성읍 단풍로 204,061-360-0891,061-360-0910
862,전라북도,장성소방서,삼계119안전센터,전라남도 장성군 삼계면 영장로 1632,061-360-0926,061-360-0929
863,전라북도,완도소방서,완도119안전센터,전라남도 완도군 완도읍 농공단지길 7,061-470-0890,061-470-0910
864,전라북도,완도소방서,고금119안전센터,전라남도 완도군 고금면 고금동로 266,061-470-0925,061-470-0928
865,전라북도,진도소방서,진도119안전센터,전라남도 진도군 진도대로 6945,061-530-0934,061-530-0934
866,전라북도,진도소방서,임회119안전센터,전라남도 진도군 임회면 십일시장길 34,061-530-0946,061-530-0943
867,전라북도,신안소방서,신안119안전센터,전라남도 신안군 암태면 단고리 973-6,061-280-0950,061-286-0954
868,전라북도,신안소방서,지도119안전센터,전라남도 신안군 지도읍 해제지도로 1304,061-280-0945,061-280-0949
869,경상북도,포항북부소방서,덕산119안전센터,경상북도 포항시 북구 중앙로 332,054-260-2400,054-260-2409
870,경상북도,포항북부소방서,두호119안전센터,경상북도 포항시 북구 삼호로 305,054-260-2410,054-255-2119
871,경상북도,포항북부소방서,흥해119안전센터,경상북도 포항시 북구 흥해읍 중성로 67,054-260-2420,054-261-0119
872,경상북도,포항북부소방서,장량119안전센터,경상북도 포항시 북구 법원로 158,054-260-2430,054-243-3119
873,경상북도,포항북부소방서,기계119안전센터,경상북도 포항시 북구 기계면 기계로 371,054-260-2460,054-243-1119
874,경상북도,포항남부소방서,일월119안전센터,경상북도 포항시 남구 동해안로 5890,054-284-2725,054-288-0909
875,경상북도,포항남부소방서,해도119안전센터,경상북도 포항시 남구 중앙로 118,054-281-1119,054-273-1184
876,경상북도,포항남부소방서,제철119안전센터,경상북도 포항시 남구 철강로 360,054-286-0119,054-286-0019
877,경상북도,포항남부소방서,연일119안전센터,경상북도 포항시 남구 연일읍 철강로 10,054-286-1119,054-282-2724
878,경상북도,포항남부소방서,효자119안전센터,경상북도 포항시 남구 지곡로212번길 45,054-273-2119,054-278-4050
879,경상북도,포항남부소방서,오천119안전센터,경상북도 포항시 남구 오천읍 해병로 369,054-292-0119,054-291-1189
880,경상북도,포항남부소방서,구룡포119안전센터,경상북도 포항시 남구 구룡포읍 호미로 265,054-284-0119,054-276-8648
881,경상북도,포항남부소방서,울릉119안전센터,경상북도 울릉군 울릉읍 울릉순환로 415,054-791-2119,054-791-1406
882,경상북도,경주소방서,황오119안전센터,경상북도 경주시 알천남로 276,054-778-0601,054-746-2119
883,경상북도,경주소방서,동부119안전센터,경상북도 경주시 중앙로 59,054-778-0611,054-745-2119
884,경상북도,경주소방서,보문119안전센터,경상북도 경주시 경감로 587-8,054-778-0631,054-745-7119
885,경상북도,경주소방서,안강119안전센터,경상북도 경주시 안강읍 안강중앙로 146,054-778-0651,054-761-2119
886,경상북도,경주소방서,감포119안전센터,경상북도 경주시 감포읍 동해안로 2153,054-778-0671,054-744-3119
887,경상북도,경주소방서,외동119안전센터,경상북도 경주시 외동읍 입실로1길 78-15,054-778-0661,054-744-6119
888,경상북도,경주소방서,건천119안전센터,경상북도 경주시 건천읍 내서로 1065,054-778-0681,054-751-0119
889,경상북도,경주소방서,용황119안전센터,경상북도 경주시 공단로 25,054-778-0641,054-773-7119
890,경상북도,경주소방서,불국사119안전센터,경상북도 경주시 불국신택지4길 4,054-778-0621,054-771-3119
891,경상북도,김천소방서,양금119안전센터,경상북도 김천시 강변로 219(양천동),054-436-0118,054-420-5909
892,경상북도,김천소방서,다수119안전센터,경상북도 김천시 영남대로 1246,054-430-0119,054-436-2491
893,경상북도,김천소방서,대광119안전센터,경상북도 김천시 공단로 152-36,054-432-0119,054-436-2492
894,경상북도,김천소방서,지례119안전센터,경상북도 김천시 지례면 장터길 115,054-435-0119,054-435-2498
895,경상북도,김천소방서,아포119안전센터,경상북도 김천시 아포읍 아포공단길 45,054-439-0119,054-439-2498
896,경상북도,김천소방서,율곡119안전센터,경상북도 김천시 혁신7로 46,054-437-8119,054-437-2498
897,경상북도,안동소방서,법흥119안전센터,경상북도 안동시 육사로 301,054-854-6119,054-854-5119
898,경상북도,안동소방서,용상119안전센터,경상북도 안동시 마들6길 27,054-821-1119,054-821-3384
899,경상북도,안동소방서,풍산119안전센터,경상북도 안동시 풍산읍 풍산태사로 1162,054-858-4119,054-850-6729
900,경상북도,안동소방서,옥동119안전센터,경상북도 안동시 광명로 85,054-853-6119,054-853-5119
901,경상북도,안동소방서,도산119안전센터,경상북도 안동시 도산면 퇴계로 2171,054-856-7119,054-856-7118
902,경상북도,안동소방서,청송119안전센터,경상북도 청송군 청송읍 길안청송로 1630,054-873-1119,054-873-5119
903,경상북도,안동소방서,진보119안전센터,경상북도 청송군 진보면 청송로 6346,054-874-5119,054-850-6759
904,경상북도,안동소방서,영양119안전센터,경상북도 영양군 영양읍 군민회관길 42-14,054-682-3119,054-683-3119
905,경상북도,안동소방서,입암119안전센터,경상북도 영양군 입암면 입암로 153,054-682-4119,054-683-4119
906,경상북도,구미소방서,공단119안전센터,경상북도 구미시 수출대로 112,054-461-3119,054-440-0169
907,경상북도,구미소방서,송정119안전센터,경상북도 구미시 백산로 207,054-452-0119,054-457-4119
908,경상북도,구미소방서,원평119안전센터,경상북도 구미시 산업로 174,054-454-6119,054-455-3119
909,경상북도,구미소방서,봉곡119안전센터,경상북도 구미시 봉곡동로 48,054-452-2119,054-453-2119
910,경상북도,구미소방서,인동119안전센터,경상북도 구미시 이계북로 147,054-471-0119,054-440-0239
911,경상북도,구미소방서,선산119안전센터,경상북도 구미시 선산읍 선산대로 1400-13,054-482-0119,054-440-0249
912,경상북도,구미소방서,고아119안전센터,경상북도 구미시 고아읍 선산대로 821,054-481-3119,054-440-0289
913,경상북도,구미소방서,해평119안전센터,경상북도 구미시 해평면 강동로 1663,054-474-4119,054-473-9078
914,경상북도,구미소방서,상림119안전센터,경상북도 구미시 상림로 45,054-465-9116,054-465-9133
915,경상북도,구미소방서,옥계119안전센터,경상북도 구미시 산동면 산호대로41길 4,054-471-5119,054-471-1194
916,경상북도,영주소방서,문수119안전센터,경상북도 영주시 문수면 적서로448번길 17,054-630-0401,054-630-0409
917,경상북도,영주소방서,가흥119안전센터,경상북도 영주시 선비로 181,054-630-0441,054-630-0449
918,경상북도,영주소방서,풍기119안전센터,경상북도 영주시 풍기읍 기주로 159,054-630-0411,054-630-0419
919,경상북도,영주소방서,봉화119안전센터,경상북도 봉화군 봉화읍 문수로 42,054-630-0421,054-630-0429
920,경상북도,영주소방서,춘양119안전센터,경상북도 봉화군 춘양면 소천로 22,054-630-0431,054-630-0439
921,경상북도,영주소방서,명호119안전센터,경상북도 봉화군 명호면 도천길 18-46,054-630-0451,054-630-0459
922,경상북도,영천소방서,동부119안전센터,경상북도 영천시 호국로 187,054-339-6901,054-336-1197
923,경상북도,영천소방서,남부119안전센터,경상북도 영천시 한방로 176-0,054-339-6942,054-337-1117
924,경상북도,영천소방서,금호119안전센터,경상북도 영천시 금호읍 오계공단길 5,054-339-6911,054-334-7119
925,경상북도,영천소방서,신녕119안전센터,경상북도 영천시 신녕면 어릿골길 11,054-339-6921,054-333-2119
926,경상북도,상주소방서,서성119안전센터,경상북도 상주시 상산로 322,054-530-3802,054-533-2119
927,경상북도,상주소방서,함창119안전센터,경상북도 상주시 함창읍 가야로 46-1,054-530-3810,054-541-5119
928,경상북도,상주소방서,청리119안전센터,경상북도 상주시 청리면 마공공단로 152,054-530-3820,054-531-3119
929,경상북도,상주소방서,화서119안전센터,경상북도 상주시 화서면 상현무동길 5,054-530-3830,054-532-3839
930,경상북도,문경소방서,점촌119안전센터,경상북도 문경시 중앙로 305,054-555-2119,054-559-1909
931,경상북도,문경소방서,모전119안전센터,경상북도 문경시 모전로 173,054-555-5119,054-555-0015
932,경상북도,문경소방서,가은119안전센터,경상북도 문경시 가은읍 가은로 126,054-571-5119,054-572-0118
933,경상북도,문경소방서,문경119안전센터,경상북도 문경시 문경읍 새재로 501,054-571-0119,054-572-0116
934,경상북도,경산소방서,압량119안전센터,경상북도 경산시 압량읍 김유신로 12,053-813-1119,053-819-6269
935,경상북도,경산소방서,중앙119안전센터,경상북도 경산시 장산로 143,053-813-0119,053-816-1885
936,경상북도,경산소방서,중산119안전센터,경상북도 경산시 펜타힐즈4로 1,053-817-1191,053-817-1192
937,경상북도,경산소방서,하양119안전센터,경상북도 경산시 하양읍 대경로 793,053-852-0119,053-853-1196
938,경상북도,경산소방서,진량119안전센터,경상북도 경산시 진량읍 공단2로 72,053-856-0119,053-856-3940
939,경상북도,경산소방서,자인119안전센터,경상북도 경산시 자인면 금학로 25-11,053-857-2119,053-851-0119
940,경상북도,의성소방서,봉양119안전센터,경상북도 의성군 봉양면 대로 4741,054-830-7800,054-830-7809
941,경상북도,의성소방서,의성119안전센터,경상북도 의성군 의성읍 홍술로 187,054-834-7119,054-832-3119
942,경상북도,의성소방서,안계119안전센터,경상북도 의성군 안계면 안계길 100,054-861-0119,054-830-7829
943,경상북도,의성소방서,군위119안전센터,경상북도 군위군 군위읍 군위공단길 65,054-383-0119,054-383-5119
944,경상북도,의성소방서,의흥119안전센터,경상북도 군위군 의흥면 읍내길 23,054-382-7119,054-382-3119
945,경상북도,영덕소방서,영덕119안전센터,경상북도 영덕군 영덕읍 경동로 8401,054-730-1600,054-730-1609
946,경상북도,영덕소방서,강구119안전센터,경상북도 영덕군 강구면 강산로 38,054-730-1610,054-730-1619
947,경상북도,영덕소방서,영해119안전센터,경상북도 영덕군 영해면 창수영해로 481,054-730-1620,054-730-1629
948,경상북도,청도소방서,청도119안전센터,경상북도 청도군 청도읍 중앙로 192-34,054-373-0119,054-370-8269
949,경상북도,청도소방서,풍각119안전센터,경상북도 청도군 풍각면 송서로 64,054-372-2119,054-372-7119
950,경상북도,청도소방서,금천119안전센터,경상북도 청도군 금천면 청려로 4363,054-372-3119,054-372-6019
951,경상북도,고령소방서,대가야119안전센터,경상북도 고령군 대가야읍 벽화길18,054-950-8100,054-950-8109
952,경상북도,고령소방서,다산119안전센터,경상북도 고령군 다산면 다산로 506,054-950-8110,054-950-8119
953,경상북도,성주소방서,성주119안전센터,경상북도 성주군 성주읍 주산로 193,054-933-0119,054-933-6174
954,경상북도,성주소방서,선남119안전센터,경상북도 성주군 선남면 도성3길 39-17,054-931-3370,054-931-5119
955,경상북도,칠곡소방서,왜관119안전센터,경상북도 칠곡군 기산면 칠곡대로 1216,054-970-2800,054-970-2809
956,경상북도,칠곡소방서,북삼119안전센터,경상북도 칠곡군 북삼읍 안산2길 46,054-970-2810,054-970-2819
957,경상북도,칠곡소방서,석적119안전센터,경상북도 칠곡군 석적읍 유학로 140,054-970-2840,054-970-2849
958,경상북도,칠곡소방서,금산119안전센터,경상북도 칠곡군 왜관읍 공단로 194,054-970-2827,054-970-2829
959,경상북도,칠곡소방서,가산119안전센터,경상북도 칠곡군 가산면 다부원1길 57,054-970-2837,054-973-1149
960,경상북도,칠곡소방서,동명119안전센터,경상북도 칠곡군 동명면 한티로 216,054-970-2850,054-976-0119
961,경상북도,예천소방서,예천119안전센터,경상북도 예천군 예천읍 양궁로 61-12,054-650-3600,054-650-3609
962,경상북도,예천소방서,지보119안전센터,경상북도 예천군 지보면 지보로 247,054-650-3610,054-652-0119
963,경상북도,예천소방서,도청119안전센터,경상북도 예천군 호명면 도청대로 19,054-650-3620,054-653-7119
964,경상북도,울진소방서,울진119안전센터,경상북도 울진군 울진읍 울진북로 508,054-780-1401,054-780-1409
965,경상북도,울진소방서,죽변119안전센터,경상북도 울진군 죽변면 하죽로 1841,054-780-1411,054-782-1774
966,경상북도,울진소방서,북면119안전센터,경상북도 울진군 북면 장터길 69,054-780-1450,054-783-1453
967,경상북도,울진소방서,후포119안전센터,경상북도 울진군 후포면 실배길 28-1,054-780-1423,054-780-1460
968,경상북도,울진소방서,온정119안전센터,경상북도 울진군 온정면 백암온천로 1315,054-780-1431,054-787-7229
969,경상남도,진주소방서,상대119안전센터,경상남도 진주시 동진로 249,055-760-9360,055-760-9369
970,경상남도,진주소방서,중앙119안전센터,경상남도 양산시 북장대로64번길 14,055-379-9370,055-379-9379
971,경상남도,진주소방서,천전119안전센터,경상남도 진주시 강남로 167번길 16,055-760-9380,055-760-9389
972,경상남도,진주소방서,평거119안전센터,경상남도 진주시 순환로 565,055-760-9390,055-760-9399
973,경상남도,진주소방서,문산119안전센터,경상남도 진주시 문산읍 월아산로 979,055-760-9400,055-760-9409
974,경상남도,진주소방서,금산119안전센터,경상남도 진주시 금산면 중천리 585-2,055-760-9440,055-760-9449
975,경상남도,진주소방서,정촌119안전센터,경상남도 진주시 정촌면 뿌리산단로 2,055-760-9450,055-760-9459
976,경상남도,통영소방서,죽림119안전센터,경상남도 통영시 광도면 죽림4로 49,055-640-9361,055-640-9369
977,경상남도,통영소방서,무전119안전센터,경상남도 통영시 원문로 71,055-640-9422,055-640-9429
978,경상남도,통영소방서,서호119안전센터,경상남도 통영시 중앙로 91-8,055-640-9372,055-640-9379
979,경상남도,통영소방서,도남119안전센터,경상남도 통영시 도남로257,055-640-9380,055-640-9389
980,경상남도,사천소방서,동금119안전센터,경상남도 사천시 남일로 29,055-830-9400,055-830-9409
981,경상남도,사천소방서,사천119안전센터,경상남도 사천시 사천읍 무산로 21,055-830-9420,055-830-9429
982,경상남도,사천소방서,사남119안전센터,경상남도 사천시 사남면 공단2로 53,055-830-9410,055-830-9419
983,경상남도,사천소방서,곤양119안전센터,경상남도 사천시 곤양면 곤북로 64,055-850-9430,055-830-9439
984,경상남도,김해동부소방서,삼정119안전센터,경상남도 김해시 김해대로 2507,055-320-9360,055-320-9369
985,경상남도,김해동부소방서,동상119안전센터,경상남도 김해시 구지로 179,055-320-9370,055-320-9379
986,경상남도,김해동부소방서,내외119안전센터,경상남도 김해시 내외로 77,055-320-9380,055-320-9389
987,경상남도,김해동부소방서,상동119안전센터,경상남도 김해시 상동면 상동로 637,055-320-9390,055-320-9399
988,경상남도,김해동부소방서,생림119안전센터,경상남도 김해시 생림면 봉림로 106,055-320-9400,055-320-9409
989,경상남도,김해동부소방서,북부119안전센터,경상남도 김해시 해반천로 166,055-320-9410,055-320-9419
990,경상남도,김해동부소방서,대동119안전센터,경상남도 김해시 대동면 동남로 41번길 19,055-320-9420,055-320-9429
991,경상남도,김해서부소방서,진례119안전센터,경상남도 김해시 진례면 서부로 730,055-344-9370,055-344-9379
992,경상남도,김해서부소방서,장유119안전센터,경상남도 김해시 번화2로 12,055-344-9360,055-344-9369
993,경상남도,김해서부소방서,진영119안전센터,경상남도 김해시 진영읍 장등로 4,055-344-9380,055-344-9389
994,경상남도,김해서부소방서,주촌119안전센터,경상남도 김해시 주촌면 주선로 29,055-344-9390,055-344-9399
995,경상남도,김해서부소방서,한림119안전센터,경상남도 김해시 한림면 한림로 401번길 50,055-344-9410,055-344-9419
996,경상남도,김해서부소방서,율하119안전센터,경상남도 김해시 율하4로 112,055-344-9420,055-344-9429
997,경상남도,밀양소방서,교동119안전센터,경상남도 밀양시 밀양대공원로 66,055-350-9360,055-350-9369
998,경상남도,밀양소방서,가곡119안전센터,경상남도 밀양시 용두로 5,055-350-9374,055-350-9379
999,경상남도,밀양소방서,하남119안전센터,경상남도 밀양시 하남읍 명례로 108,055-350-9385,055-350-9389
1000,경상남도,밀양소방서,삼랑진119안전센터,경상남도 밀양시 삼랑진읍 삼랑진로 16-3,055-350-9394,055-350-9399
1001,경상남도,밀양소방서,산동119안전센터,경상남도 밀양시 산외면 단산길 2,055-350-9402,055-350-9409
1002,경상남도,밀양소방서,무안119안전센터,경상남도 밀양시 무안면 사명로 541,055-350-9412,055-350-9419
1003,경상남도,거제소방서,옥포119안전센터,경상남도 거제시 진목로 1,055-689-9361,055-689-9369
1004,경상남도,거제소방서,장승포119안전센터,경상남도 거제시 능포로 77,055-689-9370,055-689-9379
1005,경상남도,거제소방서,신현119안전센터,경상남도 거제시 계룡로 52,055-689-9380,055-689-9389
1006,경상남도,거제소방서,거제119안전센터,경상남도 거제시 거제면 거제남서로 3429,055-689-9400,055-689-9409
1007,경상남도,거제소방서,연초119안전센터,경상남도 거제시 연초면 거제북로1,055-689-9410,055-689-9419
1008,경상남도,거제소방서,동부119안전센터,경상남도 거제시 동부면 거제대로 957,055-689-9420,055-689-9429
1009,경상남도,거제소방서,사등119안전센터,경상남도 거제시 사등면 덕호해안길 63 ,055-689-9430,055-689-9439
1010,경상남도,양산소방서,물금119안전센터,경상남도 양산시 물금읍 황산로 719,055-379-9360,055-379-9369
1011,경상남도,양산소방서,중앙119안전센터,경상남도 양산시 신기로 13,055-379-9370,055-379-9379
1012,경상남도,양산소방서,웅상119안전센터,경상남도 양산시 웅상대로 1120,055-379-9380,055-379-9389
1013,경상남도,양산소방서,하북119안전센터,경상남도 양산시 하북면 양산대로 2255-38,055-379-9390,055-379-9399
1014,경상남도,양산소방서,중부119안전센터,경상남도 양산시 양산역 6길 27,055-379-9330,055-379-9339
1015,경상남도,양산소방서,평산119안전센터,경상남도 양산시 내연4길 9,055-379-9320,055-379-9329
1016,경상남도,양산소방서,상북119안전센터,경상남도 양산시 석계로 37,055-379-9420,055-379-9429
1017,경상남도,의령소방서,의령119안전센터,경상남도 의령군 의령읍 의병로 108-17,055-570-9310,055-570-9319
1018,경상남도,의령소방서,부림119안전센터,경상남도 의령군 부림면 대한로 1666,055-570-9320,055-570-9329
1019,경상남도,함안소방서,가야119안전센터,경상남도 함안군 가야읍 선왕길 59,055-580-9300,055-580-9309
1020,경상남도,함안소방서,칠원119안전센터,경상남도 함안군 칠원읍 용산2길 121,055-580-9330,055-580-9339
1021,경상남도,함안소방서,군북119안전센터,경상남도 함안군 군북면 함마대로 760,055-580-9340,055-580-9349
1022,경상남도,창녕소방서,창녕119안전센터,경상남도 창녕군 대지면 우포2로 1097,055-259-9360,055-259-9369
1023,경상남도,창녕소방서,남지119안전센터,경상남도 창녕군 남지읍 동포로 64,055-259-9370,055-259-9379
1024,경상남도,창녕소방서,영산119안전센터,경상남도 창녕군 영산면 영산장마로 697,055-259-9330,055-259-9339
1025,경상남도,창녕소방서,부곡119안전센터,경상남도 창녕군 부곡면 원앙로 184,055-259-9380,055-259-9389
1026,경상남도,고성소방서,고성119안전센터,경상남도 고성군 고성읍 남해안대로 2670,055-670-9310,055-670-9319
1027,경상남도,고성소방서,회화119안전센터,경상남도 고성군 회화면 영희로 2211,055-670-9320,055-670-9329
1028,경상남도,고성소방서,거류119안전센터,경상남도 고성군 거류면 봉암 1길 9,055-670-9340,055-670-9349
1029,경상남도,남해소방서,남해119안전센터,경상남도 남해군 남해읍 스포츠로 81,055-860-9360,055-860-9369
1030,경상남도,남해소방서,삼동119안전센터,경상남도 남해군 삼동면 동부대로 1795,055-860-9370,055-860-9379
1031,경상남도,남해소방서,미조119안전센터,경상남도 남해군 미조면 동부대로 25,055-860-9330,055-860-9339
1032,경상남도,하동소방서,금성119안전센터,경상남도 하동군 금성면 금성로 15,055-880-9320,055-880-9329
1033,경상남도,하동소방서,하동119안전센터,경상남도 하동군 적량면 공설운동장로 169,055-880-9360,055-880-9369
1034,경상남도,하동소방서,진교119안전센터,경상남도 하동군 진교면 진양로 27,055-880-9370,055-880-9379
1035,경상남도,하동소방서,화개119안전센터,경상남도 하동군 화개면 쌍계로58 ,055-880-9330,055-880-9339
1036,경상남도,산청소방서,산청119안전센터,경상남도 산청군 산청읍 중앙로 76-7,055-970-9310,055-970-9319
1037,경상남도,산청소방서,단성119안전센터,경상남도 산청군 단성면 사직단로 447-8,055-970-9320,055-970-9329
1038,경상남도,함양소방서,함양119안전센터,경상남도 함양군 함양읍 고운로 161-41,055-960-9310,055-960-9319
1039,경상남도,함양소방서,안의119안전센터,경상남도 함양군 안의면 금성길 19,055-960-9320,055-960-9329
1040,경상남도,거창소방서,대평119안전센터,경상남도 거창군 거창읍 거함대로 3324,055-940-9361,055-940-9369
1041,경상남도,거창소방서,위천119안전센터,경상남도 거창군 위천면 원학길 321,055-940-9371,055-940-9379
1042,경상남도,거창소방서,가조119안전센터,경상남도 거창군 가조면 마상3길 32,055-940-9381,055-940-9389
1043,경상남도,합천소방서,합천119안전센터,경상남도 합천군 합천읍 인덕로 2453,055-930-9306,055-930-9309
1044,경상남도,합천소방서,초계119안전센터,경상남도 합천군 초계면 양동로 6-16,055-930-9325,055-930-9329
1045,경상남도,합천소방서,북부119안전센터,경상남도 합천군 야로면 월광리 241-4,055-930-9355,055-930-9359
1046,경상남도,합천소방서,삼가119안전센터,경상남도 합천군 삼가면 삼가로 287,055-930-9316,
1047,제주특별자치도,제주소방서,이도119안전센터,제주특별자치도 제주시 중앙로 342,064-756-1175,064-729-0429
1048,제주특별자치도,제주소방서,삼도119안전센터,제주특별자치도 제주시 탑동로 101,064-756-4258,064-729-0439
1049,제주특별자치도,제주소방서,오라119안전센터,제주특별자치도 제주시 서광로2길 24,064-756-1176,064-729-0459
1050,제주특별자치도,제주소방서,연동119안전센터,제주특별자치도 제주시 문송길 14,064-743-2119,064-729-0449
1051,제주특별자치도,제주소방서,항만119안전센터,제주특별자치도 제주시 임항로 146,064-756-1178,064-729-0469
1052,제주특별자치도,제주소방서,화북119안전센터,제주특별자치도 제주시 동화로1길 3,064-726-6119,064-729-0419
1053,제주특별자치도,제주소방서,노형119안전센터,제주특별자치도 제주시 광평동로 2,064-742-5119,064-729-0479
1054,제주특별자치도,제주소방서,외도119안전센터,제주특별자치도 제주시 통물길 75,064-749-7333,064-729-0489
1055,제주특별자치도,제주소방서,아라119안전센터,제주특별자치도 제주시 사송길 116,064-721-5119,064-729-0409
1056,제주특별자치도,서귀포소방서,대신119안전센터,제주특별자치도 서귀포시 서호남로 20(법환동),064-739-0119,064-730-7419
1057,제주특별자치도,서귀포소방서,동홍119안전센터,제주특별자치도 서귀포시 서홍로 14(서홍동),064-762-1119,064-730-7429
1058,제주특별자치도,서귀포소방서,중문119안전센터,제주특별자치도 서귀포시 일주서로 669(회수동),064-738-0119,064-730-7439
1059,제주특별자치도,서귀포소방서,효돈119안전센터,제주특별자치도 서귀포시 일주동로 8234(신효동),064-767-2119,064-730-7449
1060,제주특별자치도,서부소방서,한림119안전센터,제주특별자치도 제주시 한림읍 한림중앙로 150,064-796-2119,064-795-0419
1061,제주특별자치도,서부소방서,애월119안전센터,제주특별자치도 제주시 애월읍 일주서로 6513,064-799-3119,064-795-0429
1062,제주특별자치도,서부소방서,대정119안전센터,제주특별자치도 서귀포시 대정읍 일주서로 2717,064-794-1119,064-795-0439
1063,제주특별자치도,서부소방서,한경119안전센터,제주특별자치도 제주시 한경면 일주서로 4218,064-773-0119,064-795-0449
1064,제주특별자치도,서부소방서,안덕119안전센터,제주특별자치도 서귀포시 안덕면 화순서서로 2,064-794-9119,064-795-0459
1065,제주특별자치도,서부소방서,영어교육도시119안전센터,제주특별자치도 서귀포시 대정읍 에듀시티로 238,064-792-5119,064-795-0469
1066,제주특별자치도,동부소방서,성산119안전센터,제주특별자치도 서귀포시 성산읍 일주동로 4120번길 7,064-782-0119,064-780-9419
1067,제주특별자치도,동부소방서,구좌119안전센터,제주특별자치도 제주시 구좌읍 세화14길 8,064-783-0119,064-780-9429
1068,제주특별자치도,동부소방서,조천119안전센터,제주특별자치도 제주시 조천읍 신북로 337,064-782-6119,064-780-9439
1069,제주특별자치도,동부소방서,남원119안전센터,제주특별자치도 서귀포시 남원읍 남원체육관로221번길 23,064-764-0119,064-780-9449
1070,제주특별자치도,동부소방서,표선119안전센터,제주특별자치도 서귀포시 표선면 표선관정로 39-16,064-787-0119,064-780-9459
1071,창원시,진해소방서,풍호119안전센터,경상남도 창원시 진해구 진해대로 1101,055-548-9460,055-548-9469
1072,창원시,진해소방서,대흥119안전센터,경상남도 창원시 진해구 백구로 72,055-548-9360,055-548-9369
1073,창원시,진해소방서,이동119안전센터,경상남도 창원시 진해구 충장로 434,055-548-9370,055-548-9379
1074,창원시,진해소방서,웅동119안전센터,경상남도 창원시 진해구 남의로 11,055-548-9380,055-548-9389
1075,창원시,진해소방서,용원119안전센터,경상남도 창원시 진해구 용원로 43,055-548-9390,055-548-9379
1076,창원시,의창소방서,소답119안전센터,경상남도 창원시 의창구 의안로44번길 5,055-225-9360,055-225-9369
1077,창원시,의창소방서,봉곡119안전센터,경상남도 창원시 봉곡동 지귀로 127,055-225-9370,055-225-9379
1078,창원시,의창소방서,차룡119안전센터,경상남도 창원시 의창구 창원대로204번길 15,055-225-9380,055-225-9389
1079,창원시,의창소방서,동읍119안전센터,경상남도 창원시 의창구 동읍 동읍로71번길 14-14,055-225-9390,055-225-9399
1080,창원시,의창소방서,북면119안전센터,경상남도 창원시 의창구 북면 감계로110번길 54-36,055-225-9400,055-225-9409
1081,창원시,의창소방서,대산119안전센터,경상남도 창원시 의창구 대산면 봉강가술로 583,055-225-9410,055-225-9419
1082,창원시,성산소방서,신월119안전센터,경상남도 창원시 의창구 상남로 165,055-211-9362,055-211-9369
1083,창원시,성산소방서,외동119안전센터,경상남도 창원시 성산구 삼동로128번길 19,055-211-9385,055-211-9389
1084,창원시,성산소방서,가음정119안전센터,경상남도 창원시 성산구 대정로 39,055-211-9372,055-211-9379
1085,창원시,성산소방서,대원119안전센터,경상남도 창원시 의창구 두대로55번길 11,055-211-9405,055-211-9409
1086,창원시,성산소방서,웅남119안전센터,경상남도 창원시 성산구 봉양로 406,055-211-9462,055-211-9469
1087,창원시,마산소방서,중앙119안전센터,경상남도 창원시 마산합포구 제2부두로 55,055-249-9365,055-249-9369
1088,창원시,마산소방서,남성119안전센터,경상남도 원시 마산합포구 남성로 114,055-249-9384,055-249-9389
1089,창원시,마산소방서,삼진119안전센터,경상남도 창원시 마산합포구 진북면 산단1길 29-30,055-249-9390,055-249-9399
1090,창원시,마산소방서,석전119안전센터,경상남도 창원시 마산회원구 양덕옛1길 62,055-249-9407,055-249-9409
1091,창원시,마산소방서,양봉119안전센터,경상남도 창원시 마산회원구 자유무역1길 22,055-249-9412,055-249-9419
1092,창원시,마산소방서,구암119안전센터,경상남도 창원시 마산회원구 팔용로 260,055-249-9420,055-249-9429
1093,창원시,마산소방서,내서119안전센터,경상남도 창원시 마산회원구 내서읍 중리공단로 104,055-249-9430,055-249-9439
1094,창원시,마산소방서,호계119안전센터,경상남도 창원시 마산회원구 내서읍 호계본동3길 59-10,055-249-9444,055-249-9449
1095,창원시,마산소방서,구산119안전센터,경상남도 창원시 마산합포구 구산면 해양관광로 1401,055-249-9450,055-249-9459
