철도운영기관명,운영기관코드,운영노선명,노선코드,역명,역코드,관리번호,지상지하구분,지상지하구분코드,역층,상세위치,금융기관명,이용가능시간,연락처,데이터기준일자,참고사항
공항철도,AR,공항철도선,A1,서울역,0296,1,지하,2,3,(B3) 표내는 곳 내 GS편의점 옆,KB국민은행,05:00~01:00,1566-0022,20251231,
공항철도,AR,공항철도선,A1,공덕역,0054,2,지하,2,3,"(B3) 고객안내센터 근처, 9, 10번 출입구 방향",KB국민은행,05:00~01:00,1566-0022,20251231,
공항철도,AR,공항철도선,A1,DMC역,0174,3,지하,2,1,"(B1) 고객안내센터 근처 8, 9번 출입구 방향",KB국민은행,05:00~01:00,1566-0022,20251231,
공항철도,AR,공항철도선,A1,마곡나루역,0178,4,지하,2,1,(B1) 대합실 6번 출입구 방향,KB국민은행,05:00~01:00,1566-0022,20251231,
공항철도,AR,공항철도선,A1,김포공항역,0099,5,지하,2,1,(B1) 표 내는 곳 내 고객안내센터 근처,KB국민은행,05:00~01:00,1566-0022,20251231,
공항철도,AR,공항철도선,A1,계양역,0045,6,지상,1,1,(1) 표내는 곳 내 인천1호선 환승통로 방향,KB국민은행,05:00~01:00,1566-0022,20251231,
공항철도,AR,공항철도선,A1,검암역,0035,7,지상,1,1,(1) 대합실 내 1번 출입구 방향,KB국민은행,05:00~01:00,1566-0022,20251231,
공항철도,AR,공항철도선,A1,청라국제도시역,0551,8,지상,1,1,(1) 대합실 내 1번 출입구 방향,KB국민은행,05:00~01:00,1566-0022,20251231,
공항철도,AR,공항철도선,A1,영종역,0423,9,지상,1,3,(B3) 고객안내센터 근처,KB국민은행,05:00~01:00,1566-0022,20251231,
공항철도,AR,공항철도선,A1,운서역,0452,10,지상,1,1,(1) 대합실 내 표내는 곳 근처,KB국민은행,05:00~01:00,1566-0022,20251231,
공항철도,AR,공항철도선,A1,인천공항1터미널,0484,11,지하,2,1,(B1) 표내는 곳 내 고객안내센터 근처,KB국민은행,05:00~01:00,1566-0022,20251231,
공항철도,AR,공항철도선,A1,인천공항1터미널,0484,12,지하,2,1,(B1) 표내는 곳 내 고객안내센터 근처,KB국민은행,05:00~01:00,1566-0022,20251231,
공항철도,AR,공항철도선,A1,인천공항2터미널,0485,13,지하,2,1,(B1) 표내는 곳 내 고객안내센터 근처,KB국민은행,05:00~01:00,1566-0022,20251231,
공항철도,AR,공항철도선,A1,인천공항2터미널,0485,14,지하,2,1,(B1) 표내는 곳 내 고객안내센터 근처,KB국민은행,05:00~01:00,1566-0022,20251231,
공항철도,AR,공항철도선,A1,청라국제도시역,0551,15,지상,1,1,(1) 1번 출입구 근처,하나은행,08:00~22:00,1599-9461,20251231,
공항철도,AR,공항철도선,A1,서울역,0296,16,지하,2,2,(B2) 도심공항터미널 근처,신한은행,06:00~23:30,1599-8000,20251231,
공항철도,AR,공항철도선,A1,서울역,0296,17,지하,2,3,(B3) 고객안내센터 근처,신한은행,05:00~24:00,1599-8000,20251231,
공항철도,AR,공항철도선,A1,홍대입구역,0596,18,지하,2,2,"(B2) 대합실 내 6,7번 출입구 방향",신한은행,05:00~24:00,1599-8000,20251231,
공항철도,AR,공항철도선,A1,홍대입구역,0596,19,지하,2,2,"(B2) 대합실 내 6,7번 출입구 방향",신한은행,05:00~24:00,1599-8000,20251231,
공항철도,AR,공항철도선,A1,인천공항1터미널,0484,20,지하,2,1,(B1) 표내는 곳 내 고객안내센터 근처,신한은행,05:00~24:00,1599-8000,20251231,
공항철도,AR,공항철도선,A1,인천공항1터미널,0484,21,지하,2,1,(B1) 표내는 곳 내 고객안내센터 근처,신한은행,05:00~24:00,1599-8000,20251231,
공항철도,AR,공항철도선,A1,인천공항2터미널,0485,22,지하,2,3,(B3) 승강장 에스컬레이터 근처,신한은행,05:00~24:00,1599-8000,20251231,
공항철도,AR,공항철도선,A1,인천공항2터미널,0485,23,지하,2,3,(B3) 승강장 에스컬레이터 근처,신한은행,05:00~24:00,1599-8000,20251231,
대구교통공사,DG,1호선,1,대곡,0762,1,지하,2,1,"(B1) 통로층 임대매장 근처, 1,4번 출입구 방향",한국전자금융,05:00~24:00,1577-4655,20251231,2023년 재계약
대구교통공사,DG,1호선,1,대구역,0764,2,지하,2,2,"(B2) 대합실 임대매장 근처, 롯데백화점 방향",한국전자금융,05:00~24:00,1577-4655,20251231,2023년 재계약
대구교통공사,DG,1호선,1,동대구역,0769,3,지하,2,1,"(B1) 대합실 임대매장 근처, 3번 출입구 방향",한국전자금융,05:00~24:00,1577-4655,20251231,2023년 재계약
대구교통공사,DG,1호선,1,반야월,0781,4,지하,2,1,"(B1) 대합실 화장실 근처, 1,4번 출입구 방향",한국전자금융,05:00~24:00,1577-4655,20251231,2023년 재계약
대구교통공사,DG,1호선,1,상인,0788,5,지하,2,1,"(B1) 대합실 임대매장 근처, 1,8번 출입구 방향",한국전자금융,05:00~24:00,1577-4655,20251231,2023년 재계약
대구교통공사,DG,1호선,1,서부정류장,0791,6,지하,2,1,"(B1) 대합실 임대매장 근처, 3번 출입구 방향",한국전자금융,05:00~24:00,1577-4655,20251231,2023년 재계약
대구교통공사,DG,1호선,1,안심,0803,7,지하,2,1,"(B1) 대합실 임대매장 근처, 5번 출입구 방향",한국전자금융,05:00~24:00,1577-4655,20251231,2023년 재계약
대구교통공사,DG,1호선,1,영대병원,0808,8,지하,2,1,"(B1) 대합실 임대매장 근처, 1,3번 출입구 방향",한국전자금융,05:00~24:00,1577-4655,20251231,2023년 재계약
대구교통공사,DG,1호선,1,율하,0815,9,지하,2,1,"(B1) 대합실 발매기실 근처, 2번 출입구 방향",한국전자금융,05:00~24:00,1577-4655,20251231,2023년 재계약
대구교통공사,DG,1호선,1,중앙로,0820,10,지하,2,1,"(B1) 통로층 임대매장 근처, 2번출입구 방향",한국전자금융,00:30~24:00,1577-4655,20251231,2023년 재계약
대구교통공사,DG,2호선,2,문양,0779,11,지상,1,1,"(지상1) 외부출입구 근처, 2번 출입구 방향",다사농업협동조합,06:00~24:00,1661-2100,20251231,2023년 재계약
대전교통공사,DJ,1호선,1,지족역,0880,1,지상,1,1,1번 출구 방향,㈜하나은행,06:00~24:00,042-2948-5123,20251231,
부산교통공사,BS,1호선,1,신평,0710,2,지상,1,1,"(F1) 표내는 곳 인근, 3번 출입구 방향",(주)효성티앤에스,05:30~23:30,080-920-2220,20251231,
부산교통공사,BS,1호선,1,하단,0743,3,지하,2,1,"(B1) 표내는 곳 인근, 3번 출입구 방향",(주)효성티앤에스,05:30~23:30,080-920-2220,20251231,
부산교통공사,BS,1호선,1,당리,0647,4,지하,2,1,(B1) 4번 출입구 방향,(주)효성티앤에스,05:30~23:30,080-920-2220,20251231,
부산교통공사,BS,1호선,1,사하,0695,5,지하,2,1,(B1) 1번 출입구 방향,(주)효성티앤에스,05:30~23:30,080-920-2220,20251231,
부산교통공사,BS,1호선,1,괴정,0625,6,지하,2,1,(B1) 3번 출입구 방향,(주)효성티앤에스,05:30~23:30,080-920-2220,20251231,
부산교통공사,BS,1호선,1,대티,0651,7,지하,2,1,"(B1) 1번 엘리베이터 옆, 2번 출입구 방향",(주)효성티앤에스,05:30~23:30,080-920-2220,20251231,
부산교통공사,BS,1호선,1,서대신,0696,8,지하,2,1,(B1) 만남의 광장 옆,(주)효성티앤에스,05:30~23:30,080-920-2220,20251231,
부산교통공사,BS,1호선,1,동대신,0655,9,지하,2,1,(B1) 6번 출입구 방향,(주)효성티앤에스,05:30~23:30,080-920-2220,20251231,
부산교통공사,BS,1호선,1,토성,0741,10,지하,2,1,"(B1) 표내는 곳 인근, 2번 출입구 방향",(주)효성티앤에스,05:30~23:30,080-920-2220,20251231,
부산교통공사,BS,1호선,1,자갈치,0724,11,지하,2,1,"(B1) 표내는 곳 인근, 6번 출입구 방향",(주)효성티앤에스,05:30~23:30,080-920-2220,20251231,
부산교통공사,BS,1호선,1,남포,0644,12,지하,2,1,"(B1) 표내는 곳 인근, 2번 출입구 방향",(주)효성티앤에스,05:30~23:30,080-920-2220,20251231,
부산교통공사,BS,1호선,1,중앙,0734,13,지하,2,1,"(B1) 표내는 곳 인근, 1번 엘리베이터 옆",(주)효성티앤에스,05:30~23:30,080-920-2220,20251231,
부산교통공사,BS,1호선,1,부산,0684,14,지하,2,1,"(B1) 표내는 곳 및 대합실 고객센터 근처,",(주)효성티앤에스,05:30~23:30,080-920-2220,20251231,
부산교통공사,BS,1호선,1,초량,0739,15,지하,2,1,"(B1) 6번, 8번 출입구 방향",(주)효성티앤에스,05:30~23:30,080-920-2220,20251231,
부산교통공사,BS,1호선,1,부산진,0687,16,지하,2,1,"(B1) 6번, 8번 출입구 방향",(주)효성티앤에스,05:30~23:30,080-920-2220,20251231,
부산교통공사,BS,1호선,1,좌천,0731,17,지하,2,1,"(B1) 5번, 7번 출입구 방향",(주)효성티앤에스,05:30~23:30,080-920-2220,20251231,
부산교통공사,BS,1호선,1,범일,0680,18,지하,2,1,(B1) 표내는 곳 및 대합실 고객센터 근처,(주)효성티앤에스,05:30~23:30,080-920-2220,20251231,
부산교통공사,BS,1호선,1,서면,0698,19,지하,2,1,(B1) 8번 출입구 방향,(주)효성티앤에스,05:30~23:30,080-920-2220,20251231,
부산교통공사,BS,1호선,1,범내골,0678,20,지하,2,1,"(B1) 6번, 8번 출입구 방향",(주)효성티앤에스,05:30~23:30,080-920-2220,20251231,
부산교통공사,BS,1호선,1,부전,0691,21,지하,2,1,"(B1) 표내는 곳 인근, 1번 출입구 방향",(주)효성티앤에스,05:30~23:30,080-920-2220,20251231,
부산교통공사,BS,1호선,1,양정,0715,22,지하,2,1,"(B1) 표내는 곳 인근, 5번 출입구 방향",(주)효성티앤에스,05:30~23:30,080-920-2220,20251231,
부산교통공사,BS,1호선,1,연산,0716,23,지하,2,1,"(B1) 표내는 곳 인근, 5번, 7번 출입구 방향",(주)효성티앤에스,05:30~23:30,080-920-2220,20251231,
부산교통공사,BS,1호선,1,시청,0709,24,지하,2,1,"(B1) 표내는 곳 인근, 6번, 8번 출입구 방향",(주)효성티앤에스,05:30~23:30,080-920-2220,20251231,
부산교통공사,BS,1호선,1,교대,0626,25,지하,2,1,"(B1) 표내는 곳 인근, 3번 출입구 방향",(주)효성티앤에스,05:30~23:30,080-920-2220,20251231,
부산교통공사,BS,1호선,1,동래,0657,26,지상,1,1,(F1) 1번 출입구 방향,(주)효성티앤에스,05:30~23:30,080-920-2220,20251231,
부산교통공사,BS,1호선,1,명륜,0666,27,지상,1,1,(F1) 2번 출입구 방향,(주)효성티앤에스,05:30~23:30,080-920-2220,20251231,
부산교통공사,BS,1호선,1,온천장,0720,28,지상,1,1,(F1) 1번 출입구 방향,(주)효성티앤에스,05:30~23:30,080-920-2220,20251231,
부산교통공사,BS,1호선,1,부산대,0685,29,지상,1,1,(F1) 4번 출입구 방향,(주)효성티앤에스,05:30~23:30,080-920-2220,20251231,
부산교통공사,BS,1호선,1,장전,0727,30,지상,1,1,(F1) 1번 출입구 방향,(주)효성티앤에스,05:30~23:30,080-920-2220,20251231,
부산교통공사,BS,1호선,1,구서,0630,31,지상,1,2,(F2) 1번 출입구 방향,(주)효성티앤에스,05:30~23:30,080-920-2220,20251231,
부산교통공사,BS,1호선,1,두실,0662,32,지상,1,1,(F1) 1번 출입구 방향,(주)효성티앤에스,05:30~23:30,080-920-2220,20251231,
부산교통공사,BS,1호선,1,남산,0640,33,지하,2,1,"(B1) 표내는 곳 인근, 5번,7번 출입구 방향",(주)효성티앤에스,05:30~23:30,080-920-2220,20251231,
부산교통공사,BS,1호선,1,범어사,0679,34,지하,2,2,(B1) 2번 출입구 방향,(주)효성티앤에스,05:30~23:30,080-920-2220,20251231,
부산교통공사,BS,1호선,1,노포,0646,35,지상,1,1,(F1) 대합실 고객센터 근처,(주)효성티앤에스,05:30~23:30,080-920-2220,20251231,
부산교통공사,BS,2호선,2,장산,0725,1,지하,2,1,"(B1)고객센터 맞은편, 5번 출입구 방향",(주)효성티앤에스,05:30~23:30,080-920-2220,20251231,
부산교통공사,BS,2호선,2,해운대,0744,2,지하,2,1,"(B1)고객센터 맞은편, 2번 출입구 방향",(주)효성티앤에스,05:30~23:30,080-920-2220,20251231,
부산교통공사,BS,2호선,2,센텀시티,0702,3,지하,2,1,"(B1) 금은거래소 맞은편, 3번 출입구 방향",(주)효성티앤에스,05:30~23:30,080-920-2220,20251231,
부산교통공사,BS,2호선,2,수영,0706,4,지하,2,1,(B1) 8번 출입구 방향,(주)효성티앤에스,05:30~23:30,080-920-2220,20251231,
부산교통공사,BS,2호선,2,광안,0623,5,지하,2,1,(B1) 4번 출입구 방향,(주)효성티앤에스,05:30~23:30,080-920-2220,20251231,
부산교통공사,BS,2호선,2,경성대부경대,0620,6,지하,2,1,"(B1) 5,6번 출입구 방향",(주)효성티앤에스,05:30~23:30,080-920-2220,20251231,
부산교통공사,BS,2호선,2,대연,0649,7,지하,2,1,"(B1) 화장품가게 돌아가는편, 3번 출입구 방향",(주)효성티앤에스,05:30~23:30,080-920-2220,20251231,
부산교통공사,BS,2호선,2,전포,0729,8,지하,2,1,"(B1) 물품보관함 오른쪽, 만남의 장소 방향",(주)효성티앤에스,05:30~23:30,080-920-2220,20251231,
부산교통공사,BS,2호선,2,서면,0698,9,지하,2,1,"(B1) 화장실 오른쪽 벽면, 1,2번 출입구 방향",(주)효성티앤에스,05:30~23:30,080-920-2220,20251231,
부산교통공사,BS,2호선,2,서면,0698,10,지하,2,1,(B1) 고객센터 기준 왼편 전포 방향 물품보관함 옆,(주)효성티앤에스,05:30~23:30,080-920-2220,20251231,
부산교통공사,BS,2호선,2,가야,0612,11,지하,2,1,"(B1) 화장실 오른쪽 벽면, 1,2번 출입구 방향",(주)효성티앤에스,05:30~23:30,080-920-2220,20251231,
부산교통공사,BS,2호선,2,동의대,0661,12,지하,2,1,"(B1) 5,7번 출입구 방향",(주)효성티앤에스,05:30~23:30,080-920-2220,20251231,
부산교통공사,BS,2호선,2,개금,0616,13,지하,2,1,"(B1) 고객센터 앞쪽, 1,3번 출입구 방향",(주)효성티앤에스,05:30~23:30,080-920-2220,20251231,
부산교통공사,BS,2호선,2,주례,0732,14,지하,2,1,"(B1) 화장품가게 맞은편, 1,3번 출입구 방향",(주)효성티앤에스,05:30~23:30,080-920-2220,20251231,
부산교통공사,BS,2호선,2,사상,0693,15,지하,2,1,(B1) 고객센터 맞은편 기둥,(주)효성티앤에스,05:30~23:30,080-920-2220,20251231,
부산교통공사,BS,2호선,2,덕천,0653,16,지하,2,1,(B1) 5번 출입구 방향 환기실 옆,(주)효성티앤에스,05:30~23:30,080-920-2220,20251231,
부산교통공사,BS,2호선,2,덕천,0653,17,지하,2,1,(B1) 5번 출입구 방향 환기실 옆,(주)효성티앤에스,05:30~23:30,080-920-2220,20251231,
부산교통공사,BS,2호선,2,화명,0746,18,지하,2,1,(B1) 고객센터 맞은편,(주)효성티앤에스,05:30~23:30,080-920-2220,20251231,
부산교통공사,BS,2호선,2,증산,0735,19,지상,1,1,(B1) 고객센터 맞은편,(주)효성티앤에스,05:30~23:30,080-920-2220,20251231,
부산교통공사,BS,2호선,2,남양산,0642,20,지상,1,2,(B1) 고객센터 오른쪽 방향,(주)효성티앤에스,05:30~23:30,080-920-2220,20251231,
부산교통공사,BS,2호선,2,양산,0714,21,지상,1,2,(F2) 고객센터 오른쪽,(주)효성티앤에스,05:30~23:30,080-920-2220,20251231,
부산교통공사,BS,3호선,3,대저,0650,1,지상,1,1,(F1) 물품보관함 옆,(주)효성티앤에스,05:30~23:30,080-920-2220,20251231,
부산교통공사,BS,3호선,3,망미,0665,2,지하,2,1,(B1) 물품보관함 옆,(주)효성티앤에스,05:30~23:30,080-920-2220,20251231,
부산교통공사,BS,3호선,3,미남,0673,3,지하,2,1,"(B1) 고객센터 맞은편, 물품보관함 오른쪽 방향",(주)효성티앤에스,05:30~23:30,080-920-2220,20251231,
부산교통공사,BS,3호선,3,연산,0716,4,지하,2,1,"(B1) 5,7번 출입구 방향",(주)효성티앤에스,05:30~23:30,080-920-2220,20251231,
부산교통공사,BS,3호선,3,종합운동장,0730,5,지하,2,1,"(B1) 3,4,6,7번 출입구 방향",(주)효성티앤에스,05:30~23:30,080-920-2220,20251231,
서울9호선,S9,9호선,9,개화,0028,901,지상,1,1,(1F) 1번 출입구 방면 에스컬레이터 옆,KB국민은행,00:00~24:00,1577-4655,20250612,
서울9호선,S9,9호선,9,김포공항,0099,902,지하,2,1,(B1) 편의점 방면 발매기실 옆,KB국민은행,00:00~24:00,1577-4655,20250612,
서울9호선,S9,9호선,9,공항시장,0056,903,지하,2,1,(B1) 2번 출입구 방면 안전관리실 옆,KB국민은행,00:00~24:00,1577-4655,20250612,
서울9호선,S9,9호선,9,신방화,0364,904,지하,2,1,(B1) 6번 출입구 방면 발매기실 옆,KB국민은행,00:00~24:00,1577-4655,20250612,
서울9호선,S9,9호선,9,마곡나루,0178,905,지하,2,1,(B1) 2번 출입구 방면 엘리베이터 옆,KB국민은행,00:00~24:00,1577-4655,20250612,
서울9호선,S9,9호선,9,양천향교,0405,906,지하,2,1,(B1) 편의점 맞은편,KB국민은행,00:00~24:00,1577-4655,20250612,
서울9호선,S9,9호선,9,가양,0005,907,지하,2,1,(B1) 5번 출입구 방면,KB국민은행,00:00~24:00,1577-4655,20250612,
서울9호선,S9,9호선,9,증미,0531,908,지하,2,1,(B1) 3번 출입구 방면,KB국민은행,00:00~24:00,1577-4655,20250612,
서울9호선,S9,9호선,9,등촌,0173,909,지하,2,1,(B1) 1번 출입구 방향 좌측면,KB국민은행,00:00~24:00,1577-4655,20250612,
서울9호선,S9,9호선,9,염창,0419,910,지하,2,1,(B1) 편의점 옆,KB국민은행,00:00~24:00,1577-4655,20250612,
서울9호선,S9,9호선,9,신목동,0362,911,지하,2,2,(B2) 2번 출입구 방면 화장실 옆,KB국민은행,05:00~24:00,1577-4655,20250612,
서울9호선,S9,9호선,9,선유도,0308,912,지하,2,1,(B1) 2번 출입구 옆,KB국민은행,00:00~24:00,1577-4655,20250612,
서울9호선,S9,9호선,9,당산,0126,913,지하,2,1,(B1) 편의점 맞은편,KB국민은행,00:00~24:00,1577-4655,20250612,
서울9호선,S9,9호선,9,국회의사당,0081,914,지하,2,1,"(B2) 대합실 편의점 맞은편, 4번 5번 출입구 방향",KB국민은행,00:00~24:00,1577-4655,20250612,
서울9호선,S9,9호선,9,여의도,0412,915,지하,2,1,(B1) 3번 출입구 방면 편의점 앞,KB국민은행,05::00~24:00,1577-4655,20250612,
서울9호선,S9,9호선,9,샛강,0286,916,지하,2,2,(B2) 3번 출입구 방면,KB국민은행,00:00~24:00,1577-4655,20250612,
서울9호선,S9,9호선,9,노량진,0114,917,지하,2,1,(B1) 7번 출입구 방면,KB국민은행,00:00~24:00,1577-4655,20250612,
서울9호선,S9,9호선,9,노들,0113,918,지하,2,1,(B1) 1번 출입구 방향 엘리베이터(3호기) 옆,KB국민은행,00:00~24:00,1577-4655,20250612,
서울9호선,S9,9호선,9,흑석,0610,919,지하,2,1,"(B1) 편의점 발매기, 생태공원 앞",KB국민은행,00:00~24:00,1577-4655,20250612,
서울9호선,S9,9호선,9,동작,0167,920,지하,2,2,(B2) 5번 출입구 방면 청년창업스튜디오 앞,KB국민은행,00:00~24:00,1577-4655,20250612,
서울9호선,S9,9호선,9,구반포,0073,921,지하,2,1,(B1) 대합실 FREE 구역,KB국민은행,00:00~24:00,1577-4655,20250612,
서울9호선,S9,9호선,9,신반포,0363,922,지하,2,1,(B1) 4번 출구 방면,KB국민은행,00:00~24:00,1577-4655,20250612,
서울9호선,S9,9호선,9,고속터미널,0048,923,지하,2,1,"(B1) 편의점방면, 8번 출입구 방향",KB국민은행,00:00~24:00,1577-4655,20250612,
서울9호선,S9,9호선,9,사평,0259,924,지하,2,1,(B1) 대합실 편의점 방면,KB국민은행,00:00~24:00,1577-4655,20250612,
서울9호선,S9,9호선,9,신논현,0354,925,지하,2,1,(B1) 대합실 4출구 하단부,KB국민은행,00:00~24:00,1577-4655,20250612,
서울9호선,S9,9호선,9,봉은사,0241,926,지하,2,1,(B1) 5번/6번 출입구 오른쪽 방향,NH농협은행,05:00~25:00,1577-4655,20250516,
서울9호선,S9,9호선,9,종합운동장,0518,927,지하,2,1,(B1) 9번출구 대합실 여자화장실 옆,NH농협은행,05:00~25:00,1577-4655,20250516,
서울9호선,S9,9호선,9,석촌,0305,928,지하,2,2,(B2) 고객안전실 옆,NH농협은행,05:00~25:00,1577-4655,20250516,
서울9호선,S9,9호선,9,올림픽공원(한국체대),0438,929,지하,2,1,(B1) 외부 대합실 GS 편의점 옆,NH농협은행,05:00~25:00,1577-4655,20250516,
서울교통공사,S1,1호선,1,서울역,0296,101,지하,2,1,4호선 연결통로,효성티앤에스,05:00~24:00,080-920-2220,20251231,
서울교통공사,S1,1호선,1,시청역,0347,102,지하,2,1,화장실 맞은편,효성티앤에스,05:00~24:00,080-920-2220,20251231,
서울교통공사,S1,1호선,1,종각역,0514,103,지하,2,1,3번 출구 방향,효성티앤에스,05:00~24:00,080-920-2220,20251231,
서울교통공사,S1,1호선,1,종각역,0514,104,지하,2,1,6번 출구 방향,효성티앤에스,05:00~24:00,080-920-2220,20251231,
서울교통공사,S1,1호선,1,종로3가역,0515,105,지하,2,1,"1,2번 출구 방향",효성티앤에스,05:00~24:00,080-920-2220,20251231,
서울교통공사,S1,1호선,1,종로3가역,0515,106,지하,2,1,"12,13번 출구 방향",효성티앤에스,05:00~24:00,080-920-2220,20251231,
서울교통공사,S1,1호선,1,종로5가역,0517,107,지하,2,1,대합실 중앙,효성티앤에스,05:00~24:00,080-920-2220,20251231,
서울교통공사,S1,1호선,1,동대문역,0155,108,지하,2,1,6번출구 방향,효성티앤에스,05:00~24:00,080-920-2220,20251231,
서울교통공사,S1,1호선,1,신설동역,0367,109,지하,2,1,"11,12번 출구 방향 게이트 앞",효성티앤에스,05:00~24:00,080-920-2220,20251231,
서울교통공사,S1,1호선,1,제기동역,0512,110,지하,2,2,"4,3번 출구 방향 대합실",효성티앤에스,05:00~24:00,080-920-2220,20251231,
서울교통공사,S1,1호선,1,청량리역,0552,111,지하,2,2,"2,3번 출구 방향 대합실",효성티앤에스,05:00~24:00,080-920-2220,20251231,
서울교통공사,S1,1호선,1,청량리역,0552,112,지하,2,2,롯데백화점 연결통로 방향,효성티앤에스,05:00~24:00,080-920-2220,20251231,
서울교통공사,S1,2호선,2,강남역,0017,201,지하,2,1,"1,12번 출구 방향 사이",효성티앤에스,05:00~24:00,080-920-2220,20251231,
서울교통공사,S1,2호선,2,강남역,0017,202,지하,2,1,"7,10번 출구 방향 사이",효성티앤에스,05:00~24:00,080-920-2220,20251231,
서울교통공사,S1,2호선,2,강남역,0017,203,지하,2,1,2번 출구 방향,효성티앤에스,05:00~24:00,080-920-2220,20251231,
서울교통공사,S1,2호선,2,역삼역,0415,204,지하,2,1,2번 출구 방향,효성티앤에스,05:00~24:00,080-920-2220,20251231,
서울교통공사,S1,2호선,2,선릉역,0306,205,지하,2,1,"1,10번 출구 방향",효성티앤에스,05:00~24:00,080-920-2220,20251231,
서울교통공사,S1,2호선,2,삼성역,0266,206,지하,2,1,고객안내부스 옆,효성티앤에스,05:00~24:00,080-920-2220,20251231,
서울교통공사,S1,2호선,2,삼성역,0266,207,지하,2,1,화장실 부근 벽면,효성티앤에스,05:00~24:00,080-920-2220,20251231,
서울교통공사,S1,2호선,2,종합운동장역,0518,208,지하,2,1,6번 출구 방향,효성티앤에스,05:00~24:00,080-920-2220,20251231,
서울교통공사,S1,2호선,2,잠실새내역,0499,209,지하,2,1,2번 출구 방향,효성티앤에스,05:00~24:00,080-920-2220,20251231,
서울교통공사,S1,2호선,2,잠실새내역,0499,210,지하,2,1,4번 출구 벽면,효성티앤에스,05:00~24:00,080-920-2220,20251231,
서울교통공사,S1,2호선,2,잠실역,0497,211,지하,2,1,남자화장실 입구,효성티앤에스,05:00~24:00,080-920-2220,20251231,
서울교통공사,S1,2호선,2,잠실역,0497,212,지하,2,1,대합실 중앙,효성티앤에스,05:00~24:00,080-920-2220,20251231,
서울교통공사,S1,2호선,2,잠실나루역,0498,213,지상,1,1,2번 출구 방향,효성티앤에스,05:00~24:00,080-920-2220,20251231,
서울교통공사,S1,2호선,2,잠실나루역,0498,214,지상,1,1,3번 출구 방향,효성티앤에스,05:00~24:00,080-920-2220,,
서울교통공사,S1,2호선,2,강변역,0023,215,지상,1,1,역무실 앞,효성티앤에스,05:00~24:00,080-920-2220,20251231,
서울교통공사,S1,2호선,2,강변역,0023,216,지상,1,1,역무실 옆,효성티앤에스,05:00~24:00,080-920-2220,20251231,
서울교통공사,S1,2호선,2,구의역,0076,217,지상,1,2,3번 출구방향 기둥,효성티앤에스,05:00~24:00,080-920-2220,20251231,
서울교통공사,S1,2호선,2,구의역,0076,218,지상,1,2,4번 출구방향 기둥,효성티앤에스,05:00~24:00,080-920-2220,20251231,
서울교통공사,S1,2호선,2,건대입구역,0031,219,지상,1,2,2번 출구 앞,효성티앤에스,05:00~24:00,080-920-2220,20251231,
서울교통공사,S1,2호선,2,성수역,0314,220,지상,1,2,"2,3번 출구 방향",효성티앤에스,05:00~24:00,080-920-2220,20251231,
서울교통공사,S1,2호선,2,용답역,0443,221,지상,1,1,남자화장실 옆 통로,효성티앤에스,05:00~24:00,080-920-2220,,
서울교통공사,S1,2호선,2,신답역,0355,222,지상,1,2,2층 대합실,효성티앤에스,05:00~24:00,080-920-2220,,
서울교통공사,S1,2호선,2,뚝섬역,0175,223,지상,1,2,"1,8번 출구 방향",효성티앤에스,05:00~24:00,080-920-2220,20251231,
서울교통공사,S1,2호선,2,한양대역,0588,224,지상,1,2,2번 출구 앞,효성티앤에스,05:00~24:00,080-920-2220,20251231,
서울교통공사,S1,2호선,2,왕십리역,0441,225,지하,2,1,3번 출구 앞,효성티앤에스,05:00~24:00,080-920-2220,20251231,
서울교통공사,S1,2호선,2,왕십리역,0441,226,지하,2,1,6-1 출구 쪽,효성티앤에스,05:00~24:00,080-920-2220,20251231,
서울교통공사,S1,2호선,2,신당역,0356,227,지하,2,1,4번 출구 방향,효성티앤에스,05:00~24:00,080-920-2220,20251231,
서울교통공사,S1,2호선,2,신당역,0356,228,지하,2,1,물품보관함 옆,효성티앤에스,05:00~24:00,080-920-2220,20251231,
서울교통공사,S1,2호선,2,동대문역사역,0156,229,지하,2,1,을지로4가 연결통로 방면,효성티앤에스,05:00~24:00,080-920-2220,20251231,
서울교통공사,S1,2호선,2,을지로4가역,0465,230,지하,2,1,"3,4번 출구 방향 대합실",효성티앤에스,05:00~24:00,080-920-2220,20251231,
서울교통공사,S1,2호선,2,을지로3가역,0464,231,지하,2,1,"1,2,11,12번 출구 방향",효성티앤에스,05:00~24:00,080-920-2220,20251231,
서울교통공사,S1,2호선,2,을지로입구역,0466,232,지하,2,1,역무실 앞 기둥,효성티앤에스,05:00~24:00,080-920-2220,20251231,
서울교통공사,S1,2호선,2,시청역,0347,233,지하,2,1,8번 출구 방향,효성티앤에스,05:00~24:00,080-920-2220,20251231,
서울교통공사,S1,2호선,2,충정로역,0564,234,지하,2,2,역무실맞은편 공중전화 옆,효성티앤에스,05:00~24:00,080-920-2220,20251231,
서울교통공사,S1,2호선,2,아현역,0386,235,지하,2,1,"1,2,4,3번 출구 방향 중앙",효성티앤에스,05:00~24:00,080-920-2220,20251231,
서울교통공사,S1,2호선,2,이대역,0473,236,지하,2,1,1번 출구 방향,효성티앤에스,05:00~24:00,080-920-2220,20251231,
서울교통공사,S1,2호선,2,이대역,0473,237,지하,2,1,3번 출구 방향,효성티앤에스,05:00~24:00,080-920-2220,20251231,
서울교통공사,S1,2호선,2,신촌역,0366,238,지하,2,1,2번 출구 방향,효성티앤에스,05:00~24:00,080-920-2220,20251231,
서울교통공사,S1,2호선,2,신촌역,0366,239,지하,2,1,현대백화점 연결통로 방향,효성티앤에스,05:00~24:00,080-920-2220,20251231,
서울교통공사,S1,2호선,2,신촌역,0366,240,지하,2,1,역무실 맞은편,효성티앤에스,05:00~24:00,080-920-2220,20251231,
서울교통공사,S1,2호선,2,홍대입구역,0596,241,지하,2,1,8번 출구 방향,효성티앤에스,05:00~24:00,080-920-2220,20251231,
서울교통공사,S1,2호선,2,홍대입구역,0596,242,지하,2,1,1번 출구 방향,효성티앤에스,05:00~24:00,080-920-2220,20251231,
서울교통공사,S1,2호선,2,합정역,0591,243,지하,2,1,"5,9번 출구 방향",효성티앤에스,05:00~24:00,080-920-2220,20251231,
서울교통공사,S1,2호선,2,합정역,0591,244,지하,2,1,"1,2,3,4번 출구 방향",효성티앤에스,05:00~24:00,080-920-2220,20251231,
서울교통공사,S1,2호선,2,합정역,0591,245,지하,2,1,"1,2,3,4번 출구 방향",효성티앤에스,05:00~24:00,080-920-2220,20251231,
서울교통공사,S1,2호선,2,당산역,0126,246,지상,1,2,2번출구 방향,효성티앤에스,05:00~24:00,080-920-2220,20251231,
서울교통공사,S1,2호선,2,영등포구청역,0421,247,지하,2,1,"3,4번 출구 방향",효성티앤에스,05:00~24:00,080-920-2220,20251231,
서울교통공사,S1,2호선,2,문래역,0206,248,지하,2,1,"3,4번 출구 방향",효성티앤에스,05:00~24:00,080-920-2220,20251231,
서울교통공사,S1,2호선,2,신도림역,0359,249,지하,2,1,1번 출구 방향,효성티앤에스,05:00~24:00,080-920-2220,20251231,
서울교통공사,S1,2호선,2,신도림역,0359,250,지하,2,1,고객안내부스 옆,효성티앤에스,05:00~24:00,080-920-2220,20251231,
서울교통공사,S1,2호선,2,도림천역,0144,251,지상,1,1,1층 역무실 앞,효성티앤에스,05:00~24:00,080-920-2220,20251231,
서울교통공사,S1,2호선,2,양천구청역,0404,252,지하,2,1,1번 출구 벽면,효성티앤에스,05:00~24:00,080-920-2220,20251231,
서울교통공사,S1,2호선,2,신정네거리역,0373,253,지하,2,1,2번 출구 방향,효성티앤에스,05:00~24:00,080-920-2220,20251231,
서울교통공사,S1,2호선,2,대림역,0130,254,지상,1,2,1번 출구 벽면 및 기둥,효성티앤에스,05:00~24:00,080-920-2220,20251231,
서울교통공사,S1,2호선,2,대림역,0130,255,지상,1,2,3번 출구 벽면 및 기둥,효성티앤에스,05:00~24:00,080-920-2220,20251231,
서울교통공사,S1,2호선,2,대림역,0130,256,지상,1,2,7번 출구 벽면 및 기둥,효성티앤에스,05:00~24:00,080-920-2220,20251231,
서울교통공사,S1,2호선,2,구로디지털역,0070,257,지상,1,2,"1,6번 출구 방향",효성티앤에스,05:00~24:00,080-920-2220,20251231,
서울교통공사,S1,2호선,2,구로디지털역,0070,258,지상,1,2,"2,3,4,5번 출구 방향",효성티앤에스,05:00~24:00,080-920-2220,20251231,
서울교통공사,S1,2호선,2,신대방역,0357,259,지상,1,2,1번 출구 방향,효성티앤에스,05:00~24:00,080-920-2220,20251231,
서울교통공사,S1,2호선,2,신대방역,0357,260,지상,1,2,3번 출구 방향,효성티앤에스,05:00~24:00,080-920-2220,20251231,
서울교통공사,S1,2호선,2,신림역,0361,261,지하,2,1,6번출구 방향,효성티앤에스,05:00~24:00,080-920-2220,20251231,
서울교통공사,S1,2호선,2,신림역,0361,262,지하,2,1,4번출구 방향,효성티앤에스,05:00~24:00,080-920-2220,20251231,
서울교통공사,S1,2호선,2,신림역,0361,263,지하,2,1,1번출구 방향,효성티앤에스,05:00~24:00,080-920-2220,20251231,
서울교통공사,S1,2호선,2,봉천역,0242,264,지하,2,1,4번출구 방향,효성티앤에스,05:00~24:00,080-920-2220,20251231,
서울교통공사,S1,2호선,2,봉천역,0242,265,지하,2,1,5번출구쪽 대합실,효성티앤에스,05:00~24:00,080-920-2220,20251231,
서울교통공사,S1,2호선,2,서울대입구역,0294,266,지하,2,1,"5,6번 출구 방향",효성티앤에스,05:00~24:00,080-920-2220,20251231,
서울교통공사,S1,2호선,2,서울대입구역,0294,267,지하,2,1,"7,8번 출구 방향",효성티앤에스,05:00~24:00,080-920-2220,20251231,
서울교통공사,S1,2호선,2,낙성대,0102,268,지하,2,1,"3,4번 출구 방향",효성티앤에스,05:00~24:00,080-920-2220,20251231,
서울교통공사,S1,2호선,2,낙성대,0102,269,지하,2,1,"7,8번 출구 방향",효성티앤에스,05:00~24:00,080-920-2220,20251231,
서울교통공사,S1,2호선,2,사당역,0257,270,지하,2,1,"13,14번 출구 방향 벽면",효성티앤에스,05:00~24:00,080-920-2220,20251231,
서울교통공사,S1,2호선,2,사당역,0257,271,지하,2,1,4호선 연결통로 방향,효성티앤에스,05:00~24:00,080-920-2220,20251231,
서울교통공사,S1,2호선,2,방배역,0218,272,지하,2,1,1번 출구 방향,효성티앤에스,05:00~24:00,080-920-2220,20251231,
서울교통공사,S1,2호선,2,방배역,0218,273,지하,2,1,2번 출구 방향,효성티앤에스,05:00~24:00,080-920-2220,20251231,
서울교통공사,S1,2호선,2,서초역,0298,274,지하,2,1,"5,6번 출구 방향",효성티앤에스,05:00~24:00,080-920-2220,20251231,
서울교통공사,S1,2호선,2,서초역,0298,275,지하,2,1,"1,2,7,8번 출구 방향",효성티앤에스,05:00~24:00,080-920-2220,20251231,
서울교통공사,S1,2호선,2,교대역,0068,276,지하,2,1,2번 출구 근처,효성티앤에스,05:00~24:00,080-920-2220,20251231,
서울교통공사,S1,3호선,3,지축역,0536,301,지상,1,1,역무실 앞,효성티앤에스,05:00~24:00,080-920-2220,20251231,
서울교통공사,S1,3호선,3,구파발역,0078,302,지하,2,1,3번 출구 옆,효성티앤에스,05:00~24:00,080-920-2220,20251231,
서울교통공사,S1,3호선,3,구파발역,0078,303,지하,2,1,4번 출구 옆,효성티앤에스,05:00~24:00,080-920-2220,20251231,
서울교통공사,S1,3호선,3,연신내역,0418,304,지하,2,1,"6,7번 출구 방향",효성티앤에스,05:00~24:00,080-920-2220,20251231,
서울교통공사,S1,3호선,3,연신내역,0418,305,지하,2,1,5번 출구 방향,효성티앤에스,05:00~24:00,080-920-2220,20251231,
서울교통공사,S1,3호선,3,불광역,0255,306,지하,2,1,"2,3번 출구 방향",효성티앤에스,05:00~24:00,080-920-2220,20251231,
서울교통공사,S1,3호선,3,불광역,0255,307,지하,2,1,1번 출구 통로,효성티앤에스,05:00~24:00,080-920-2220,20251231,
서울교통공사,S1,3호선,3,녹번역,0116,308,지하,2,1,대합실 1번 출구쪽 벽면,효성티앤에스,05:00~24:00,080-920-2220,20251231,
서울교통공사,S1,3호선,3,홍제역,0597,309,지하,2,2,"B2  2,3번 출구 방향",효성티앤에스,05:00~24:00,080-920-2220,20251231,
서울교통공사,S1,3호선,3,홍제역,0597,310,지하,2,1,"B1 1,4번 출구 방향",효성티앤에스,05:00~24:00,080-920-2220,20251231,
서울교통공사,S1,3호선,3,무악재역,0205,311,지하,2,1,고객서비스센터 맞은편,효성티앤에스,05:00~24:00,080-920-2220,20251231,
서울교통공사,S1,3호선,3,독립문역,0150,312,지하,2,2,4번 출구 방면,효성티앤에스,05:00~24:00,080-920-2220,20251231,
서울교통공사,S1,3호선,3,경복궁역,0040,313,지하,2,2,대합실,효성티앤에스,05:00~24:00,080-920-2220,20251231,
서울교통공사,S1,3호선,3,안국역,0387,314,지하,2,1,대합실 중앙,효성티앤에스,05:00~24:00,080-920-2220,20251231,
서울교통공사,S1,3호선,3,종로3가역,0515,315,지하,2,3,5호선 환승통로 부근,효성티앤에스,05:00~24:00,080-920-2220,20251231,
서울교통공사,S1,3호선,3,을지로3가역,0464,316,지하,2,1,"9,10번 출구 사이 대합실",효성티앤에스,05:00~24:00,080-920-2220,20251231,
서울교통공사,S1,3호선,3,동대입구역,0157,317,지하,2,2,2번 출구 방향 벽면,효성티앤에스,05:00~24:00,080-920-2220,20251231,
서울교통공사,S1,3호선,3,약수역,0397,318,지하,2,1,대합실,효성티앤에스,05:00~24:00,080-920-2220,20251231,
서울교통공사,S1,3호선,3,금호역,0093,319,지하,2,1,"4,3번 출구 통로",효성티앤에스,05:00~24:00,080-920-2220,20251231,
서울교통공사,S1,3호선,3,옥수역,0434,320,지상,1,3,화장실 입구 맞은편 벽면,효성티앤에스,05:00~24:00,080-920-2220,20251231,
서울교통공사,S1,3호선,3,압구정역,0392,321,지하,2,1,5번 출구 앞,효성티앤에스,05:00~24:00,080-920-2220,20251231,
서울교통공사,S1,3호선,3,압구정역,0392,322,지하,2,1,3번 출구 앞,효성티앤에스,05:00~24:00,080-920-2220,20251231,
서울교통공사,S1,3호선,3,신사역,0365,323,지하,2,1,1번 출구 방향,효성티앤에스,05:00~24:00,080-920-2220,20251231,
서울교통공사,S1,3호선,3,신사역,0365,324,지하,2,1,"4,5번 출구 방향",효성티앤에스,05:00~24:00,080-920-2220,20251231,
서울교통공사,S1,3호선,3,잠원역,0500,325,지하,2,1,대합실 중앙,효성티앤에스,05:00~24:00,080-920-2220,20251231,
서울교통공사,S1,3호선,3,고속터미널역,0048,326,지하,2,2,9호선 통로 방향 게이트 앞,효성티앤에스,05:00~24:00,080-920-2220,20251231,
서울교통공사,S1,3호선,3,고속터미널역,0048,327,지하,2,2,물품보관함 옆,효성티앤에스,05:00~24:00,080-920-2220,20251231,
서울교통공사,S1,3호선,3,남부터미널역,0106,328,지하,2,2,고객센터 앞,효성티앤에스,05:00~24:00,080-920-2220,20251231,
서울교통공사,S1,3호선,3,남부터미널역,0106,329,지하,2,2,안내부스 주변,효성티앤에스,05:00~24:00,080-920-2220,20251231,
서울교통공사,S1,3호선,3,양재역,0400,330,지하,2,1,"3,4번 출구 방향",효성티앤에스,05:00~24:00,080-920-2220,20251231,
서울교통공사,S1,3호선,3,매봉역,0193,331,지하,2,1,"1,2번 출구 방향",효성티앤에스,05:00~24:00,080-920-2220,20251231,
서울교통공사,S1,3호선,3,도곡역,0142,332,지하,2,2,화장실 입구 맞은 편,효성티앤에스,05:00~24:00,080-920-2220,20251231,
서울교통공사,S1,3호선,3,대치역,0136,333,지하,2,1,"7,8번 출구 방향",효성티앤에스,05:00~24:00,080-920-2220,20251231,
서울교통공사,S1,3호선,3,학여울역,0583,334,지하,2,4,E/L옆 만남의장소 주변,효성티앤에스,05:00~24:00,080-920-2220,20251231,
서울교통공사,S1,3호선,3,대청역,0135,335,지하,2,2,"3,4,5,6번 출구 방향 계단 옆",효성티앤에스,05:00~24:00,080-920-2220,20251231,
서울교통공사,S1,3호선,3,일원역,0494,336,지하,2,2,1번 출구 방향,효성티앤에스,05:00~24:00,080-920-2220,20251231,
서울교통공사,S1,3호선,3,수서역,0337,337,지하,2,1,3번출구 방향,효성티앤에스,05:00~24:00,080-920-2220,20251231,
서울교통공사,S1,3호선,3,경찰병원역,0043,338,지하,2,1,"3,4번 출구쪽 대합실",효성티앤에스,05:00~24:00,080-920-2220,20251231,
서울교통공사,S1,3호선,3,오금역,0426,339,지하,2,1,"1,2번 출구쪽 게이트 앞",효성티앤에스,05:00~24:00,080-920-2220,20251231,
서울교통공사,S1,4호선,4,당고개역,0125,401,지상,1,1,4번 출구 방향,효성티앤에스,05:00~24:00,080-920-2220,20251231,
서울교통공사,S1,4호선,4,당고개역,0125,402,지상,1,1,2번 출구 방향,효성티앤에스,05:00~24:00,080-920-2220,20251231,
서울교통공사,S1,4호선,4,상계역,0272,403,지상,1,2,1-2 출구 방향,효성티앤에스,05:00~24:00,080-920-2220,20251231,
서울교통공사,S1,4호선,4,상계역,0272,404,지상,1,1,3번 출구 우측 방향,효성티앤에스,05:00~24:00,080-920-2220,20251231,
서울교통공사,S1,4호선,4,창동역,0541,405,지상,1,2,1번 출구 방향,효성티앤에스,05:00~24:00,080-920-2220,20251231,
서울교통공사,S1,4호선,4,창동역,0541,406,지상,1,2,1번 출구 방향,효성티앤에스,05:00~24:00,080-920-2220,20251231,
서울교통공사,S1,4호선,4,쌍문역,0380,407,지하,2,2,2번 출구 방향 벽면,효성티앤에스,05:00~24:00,080-920-2220,20251231,
서울교통공사,S1,4호선,4,수유역,0340,408,지하,2,1,"1,2,7,8번 출구 방향",효성티앤에스,05:00~24:00,080-920-2220,20251231,
서울교통공사,S1,4호선,4,수유역,0340,409,지하,2,1,"1,2,7,8번 출구 방향",효성티앤에스,05:00~24:00,080-920-2220,20251231,
서울교통공사,S1,4호선,4,수유역,0340,410,지하,2,1,"3,4,5,6번 출구 방향",효성티앤에스,05:00~24:00,080-920-2220,20251231,
서울교통공사,S1,4호선,4,미아역,0211,411,지하,2,1,7번 출구 방향,효성티앤에스,05:00~24:00,080-920-2220,20251231,
서울교통공사,S1,4호선,4,미아역,0211,412,지하,2,1,3번 출구 방향,효성티앤에스,05:00~24:00,080-920-2220,20251231,
서울교통공사,S1,4호선,4,미아사거리역,0212,413,지하,2,1,1번 출구 방향,효성티앤에스,05:00~24:00,080-920-2220,20251231,
서울교통공사,S1,4호선,4,미아사거리역,0212,414,지하,2,1,"2,3,4,5번 출구 방향",효성티앤에스,05:00~24:00,080-920-2220,20251231,
서울교통공사,S1,4호선,4,길음역,0096,415,지하,2,1,4번 출구 방향,효성티앤에스,05:00~24:00,080-920-2220,20251231,
서울교통공사,S1,4호선,4,길음역,0096,416,지하,2,1,10번 출구 방향,효성티앤에스,05:00~24:00,080-920-2220,20251231,
서울교통공사,S1,4호선,4,성신여대역,0315,417,지하,2,1,6번 출구 방향,효성티앤에스,05:00~24:00,080-920-2220,20251231,
서울교통공사,S1,4호선,4,한성대입구역,0587,418,지하,2,1,2번 출구 방향,효성티앤에스,05:00~24:00,080-920-2220,20251231,
서울교통공사,S1,4호선,4,혜화역,0594,419,지하,2,1,1번 출구 방향,효성티앤에스,05:00~24:00,080-920-2220,20251231,
서울교통공사,S1,4호선,4,혜화역,0594,420,지하,2,1,2번 출구 방향 벽면,효성티앤에스,05:00~24:00,080-920-2220,20251231,
서울교통공사,S1,4호선,4,동대문역,0155,421,지하,2,1,환승통로 방향,효성티앤에스,05:00~24:00,080-920-2220,20251231,
서울교통공사,S1,4호선,4,동대문역,0155,422,지하,2,1,8번출구 방향,효성티앤에스,05:00~24:00,080-920-2220,20251231,
서울교통공사,S1,4호선,4,동대문역사역,0156,423,지하,2,1,화장실 입구 벽면,효성티앤에스,05:00~24:00,080-920-2220,20251231,
서울교통공사,S1,4호선,4,동대문역사역,0156,424,지하,2,2,대합실 중앙,효성티앤에스,05:00~24:00,080-920-2220,20251231,
서울교통공사,S1,4호선,4,충무로역,0563,425,지하,2,1,2번 출구 방향,효성티앤에스,05:00~24:00,080-920-2220,20251231,
서울교통공사,S1,4호선,4,명동역,0197,426,지하,2,1,1번 출구 방향,효성티앤에스,05:00~24:00,080-920-2220,20251231,
서울교통공사,S1,4호선,4,명동역,0197,427,지하,2,1,4번 출구 방향,효성티앤에스,05:00~24:00,080-920-2220,20251231,
서울교통공사,S1,4호선,4,회현역,0607,428,지하,2,1,5번 출구 고객안내센터 옆,효성티앤에스,05:00~24:00,080-920-2220,20251231,
서울교통공사,S1,4호선,4,회현역,0607,429,지하,2,1,1번출구 게이트 맞은편,효성티앤에스,05:00~24:00,080-920-2220,20251231,
서울교통공사,S1,4호선,4,서울역,0296,430,지하,2,1,게이트 옆,효성티앤에스,05:00~24:00,080-920-2220,20251231,
서울교통공사,S1,4호선,4,서울역,0296,431,지하,2,1,남자화장실 옆,효성티앤에스,05:00~24:00,080-920-2220,20251231,
서울교통공사,S1,4호선,4,숙대입구역,0343,432,지하,2,1,"9,10번 출구 방향",효성티앤에스,05:00~24:00,080-920-2220,20251231,
서울교통공사,S1,4호선,4,삼각지역,0263,433,지하,2,1,"1,2번 출구 방향",효성티앤에스,05:00~24:00,080-920-2220,20251231,
서울교통공사,S1,4호선,4,신용산역,0369,434,지하,2,1,1번 출구 방향,효성티앤에스,05:00~24:00,080-920-2220,20251231,
서울교통공사,S1,4호선,4,이촌역,0477,435,지하,2,1,1번출구 만남의 광장 옆,효성티앤에스,05:00~24:00,080-920-2220,20251231,
서울교통공사,S1,4호선,4,동작역,0167,436,지상,1,2,9호선 환승통로 앞,효성티앤에스,05:00~24:00,080-920-2220,20251231,
서울교통공사,S1,4호선,4,총신대입구역,0560,437,지하,2,1,만남의장소 앞,효성티앤에스,05:00~24:00,080-920-2220,20251231,
서울교통공사,S1,4호선,4,사당역,0257,438,지하,2,1,"11,12번 출구 방향 벽면",효성티앤에스,05:00~24:00,080-920-2220,20251231,
서울교통공사,S1,4호선,4,사당역,0257,439,지하,2,1,지하철 경찰대 앞,효성티앤에스,05:00~24:00,080-920-2220,20251231,
서울교통공사,S1,4호선,4,남태령역,0110,440,지하,2,1,2번출구 공중전화기 옆,효성티앤에스,05:00~24:00,080-920-2220,20251231,
서울교통공사,S1,5호선,5,개화산역,0029,501,지상,1,1,"지상1층 1번 출구, 2번 출구 통로 중앙",㈜한네트,05:00~24:00,080-023-5542,20251231,
서울교통공사,S1,5호선,5,김포공항역,0099,502,지하,2,1,"고객상담실 부근, 롯데몰 통로 앞",㈜한네트,05:00~24:00,080-023-5542,20251231,
서울교통공사,S1,5호선,5,송정역,0330,503,지하,2,1,1-4번 출구 방향,㈜한네트,05:00~24:00,080-023-5542,20251231,
서울교통공사,S1,5호선,5,발산역,0217,504,지하,2,1,8번출구 방향,㈜한네트,05:00~24:00,080-023-5542,20251231,
서울교통공사,S1,5호선,5,우장산역,0449,505,지하,2,1,개찰구(i센터)우측,㈜한네트,05:00~24:00,080-023-5542,20251231,삭제
서울교통공사,S1,5호선,5,화곡역,0599,506,지하,2,1,"3,4번 출구 방향 기둥 옆",㈜한네트,05:00~24:00,080-023-5542,20251231,
서울교통공사,S1,5호선,5,까치산역,0100,507,지하,2,1,"1,2번 출구 방면",㈜한네트,05:00~24:00,080-023-5542,20251231,
서울교통공사,S1,5호선,5,목동역,0203,508,지하,2,1,"3,4번 출구 방향 대합실",㈜한네트,05:00~24:00,080-023-5542,20251231,
서울교통공사,S1,5호선,5,오목교역,0429,509,지하,2,1,1번 출구 방향,㈜한네트,05:00~24:00,080-023-5542,20251231,삭제
서울교통공사,S1,5호선,5,양평역,0316,510,지하,2,1,2번 출구 방향 공중전화기 옆,㈜한네트,05:00~24:00,080-023-5542,20251231,
서울교통공사,S1,5호선,5,영등포시장역,0422,511,지하,2,1,4번출구 및 공중전화기 옆,㈜한네트,05:00~24:00,080-023-5542,20251231,
서울교통공사,S1,5호선,5,여의도역,0412,512,지하,2,1,아이센터 옆 기둥,㈜한네트,05:00~24:00,080-023-5542,20251231,
서울교통공사,S1,5호선,5,여의나루역,0411,513,지하,2,1,"3,4번 출구 방향",㈜한네트,05:00~24:00,080-023-5542,20251231,
서울교통공사,S1,5호선,5,공덕역,0054,514,지하,2,1,5번 출구 방향,㈜한네트,05:00~24:00,080-023-5542,20251231,
서울교통공사,S1,5호선,5,서대문역,0289,515,지하,2,1,개찰구(i센터) 옆,㈜한네트,05:00~24:00,080-023-5542,20251231,
서울교통공사,S1,5호선,5,청구역,0549,516,지하,2,1,2번출구와 화장실 사이,㈜한네트,05:00~24:00,080-023-5542,20251231,
서울교통공사,S1,5호선,5,답십리역,0124,517,지하,2,2,개찰구 옆 팔각의자 근처,㈜한네트,05:00~24:00,080-023-5542,20251231,
서울교통공사,S1,5호선,5,장한평역,0505,518,지하,2,1,"5,6,7,8번 출구 방향",㈜한네트,05:00~24:00,080-023-5542,20251231,
서울교통공사,S1,5호선,5,아차산역,0385,519,지하,2,1,화장실 부근,㈜한네트,05:00~24:00,080-023-5542,20251231,
서울교통공사,S1,5호선,5,강동역,0020,520,지하,2,1,대합실 3번출구와 4번출구사이,㈜한네트,05:00~24:00,080-023-5542,20251231,
서울교통공사,S1,5호선,5,굽은다리역,0086,521,지하,2,1,셔터 내·외부 경계지점 중앙 기둥 앞,㈜한네트,05:00~24:00,080-023-5542,20251231,
서울교통공사,S1,5호선,5,명일역,0198,522,지하,2,1,"3,4번 출구방향 대합실 벽면",㈜한네트,05:00~24:00,080-023-5542,20251231,
서울교통공사,S1,5호선,5,고덕역,0046,523,지하,2,1,"1,2,3번 출구와 4,5번 출구 사이 중앙",㈜한네트,05:00~24:00,080-023-5542,20251231,
서울교통공사,S1,5호선,5,상일동역,0281,524,지하,2,1,2번과 3번출구사이 대합실 기둥옆,㈜한네트,05:00~24:00,080-023-5542,20251231,
서울교통공사,S1,5호선,5,올림픽공원(한국체대)역,0438,525,지상,1,2,"1,2번 출구 나가는곳, 화장실 근처",㈜한네트,05:00~24:00,080-023-5542,20251231,
서울교통공사,S1,5호선,5,거여역,0030,526,지하,2,2,1번출구와 8번 출구사이 대합실,㈜한네트,05:00~24:00,080-023-5542,20251231,
서울교통공사,S1,6호선,6,응암역,0468,601,지하,2,2,"1,2번출구와 3,4번출구 사이",㈜한네트,05:00~24:00,080-023-5542,20251231,
서울교통공사,S1,6호선,6,새절(신사)역,0285,602,지하,2,1,"3,4번출구 방향 통로 기둥 앞",㈜한네트,05:00~24:00,080-023-5542,20251231,
서울교통공사,S1,6호선,6,증산역,0532,603,지하,2,1,4번출구 하단,㈜한네트,05:00~24:00,080-023-5542,20251231,
서울교통공사,S1,6호선,6,합정역,0591,604,지하,2,1,5번출구 좌측,㈜한네트,05:00~24:00,080-023-5542,20251231,
서울교통공사,S1,6호선,6,공덕역,0054,605,지하,2,1,"6,7번출구 하단, 6호선 화장실 앞",㈜한네트,05:00~24:00,080-023-5542,20251231,
서울교통공사,S1,6호선,6,이태원역,0479,606,지하,2,2,2번 출구 방향,㈜한네트,05:00~24:00,080-023-5542,20251231,
서울교통공사,S1,6호선,6,고려대역,0047,607,지하,2,1,"3,4,5,6번 출구 방향",㈜한네트,05:00~24:00,080-023-5542,20251231,
서울교통공사,S1,6호선,6,태릉입구역,0568,608,지하,2,1,아이센터 좌측,㈜한네트,05:00~24:00,080-023-5542,20251231,
서울교통공사,S1,7호선,7,도봉산역,0146,701,지상,1,1,대합실 외부 1번출구와 2번출구 사이,㈜한네트,05:00~24:00,080-023-5542,20251231,
서울교통공사,S1,7호선,7,노원역,0115,702,지하,2,1,"4,7번 출구 방향",㈜한네트,05:00~24:00,080-023-5542,20251231,삭제
서울교통공사,S1,7호선,7,중계역,0524,703,지하,2,1,1번출구 기둥 옆 벽면,㈜한네트,05:00~24:00,080-023-5542,20251231,
서울교통공사,S1,7호선,7,하계역,0581,704,지하,2,1,3번출구 및 5번출구 사이,㈜한네트,05:00~24:00,080-023-5542,20251231,
서울교통공사,S1,7호선,7,공릉역,0055,705,지하,2,1,1.2번과 3.4번 출구 사이,㈜한네트,05:00~24:00,080-023-5542,20251231,
서울교통공사,S1,7호선,7,중화역,0530,706,지하,2,1,"1,4번 출구 방향",㈜한네트,05:00~24:00,080-023-5542,20251231,
서울교통공사,S1,7호선,7,상봉역,0276,707,지하,2,1,5번출구 근처 게이트 안쪽 아이센터 부근,㈜한네트,05:00~24:00,080-023-5542,20251231,
서울교통공사,S1,7호선,7,면목역,0196,708,지하,2,1,2번출구 앞,㈜한네트,05:00~24:00,080-023-5542,20251231,
서울교통공사,S1,7호선,7,사가정역,0256,709,지하,2,1,아이센터 옆,㈜한네트,05:00~24:00,080-023-5542,20251231,
서울교통공사,S1,7호선,7,중곡역,0525,710,지하,2,1,2번 출구 방향,㈜한네트,05:00~24:00,080-023-5542,20251231,
서울교통공사,S1,7호선,7,군자역,0082,711,지하,2,2,"7,8번 출구 계단 앞 대합실",㈜한네트,05:00~24:00,080-023-5542,20251231,
서울교통공사,S1,7호선,7,어린이대공원역,0408,712,지하,2,1,6번출구 계단 올라가기 전,㈜한네트,05:00~24:00,080-023-5542,20251231,
서울교통공사,S1,7호선,7,건대입구역,0031,713,지하,2,2,아이센터 인근 사물함 옆 벽면,㈜한네트,05:00~24:00,080-023-5542,20251231,
서울교통공사,S1,7호선,7,청담역,0550,714,지하,2,4,12번 출구 좌측 벽면,㈜한네트,05:00~24:00,080-023-5542,20251231,
서울교통공사,S1,7호선,7,강남구청역,0018,715,지하,2,2,화장실 부근,㈜한네트,05:00~24:00,080-023-5542,20251231,
서울교통공사,S1,7호선,7,학동역,0582,716,지하,2,1,화장실 부근,㈜한네트,05:00~24:00,080-023-5542,20251231,
서울교통공사,S1,7호선,7,논현역,0120,717,지하,2,2,대합실 만남의 광장 앞,㈜한네트,05:00~24:00,080-023-5542,20251231,
서울교통공사,S1,7호선,7,고속터미널역,0048,718,지하,2,1,지하2층 중앙 18번 기둥 앞,㈜한네트,05:00~24:00,080-023-5542,20251231,
서울교통공사,S1,7호선,7,상도역,0273,719,지하,2,1,"1,2,3,4,5번 출구 방향 중앙",㈜한네트,05:00~24:00,080-023-5542,20251231,
서울교통공사,S1,7호선,7,신대방삼거리역,0358,720,지하,2,1,"5,6번 출구 방향",㈜한네트,05:00~24:00,080-023-5542,20251231,
서울교통공사,S1,7호선,7,대림역,0130,721,지하,2,1,"9,10번 출구 방향 화장실 옆 대합실",㈜한네트,05:00~24:00,080-023-5542,20251231,
서울교통공사,S1,7호선,7,남구로역,0103,722,지하,2,1,화장실 입구,㈜한네트,05:00~24:00,080-023-5542,20251231,
서울교통공사,S1,7호선,7,가산디지털단지역,0004,723,지하,2,1,개방통로 중앙,㈜한네트,05:00~24:00,080-023-5542,20251231,
서울교통공사,S1,7호선,7,철산역,0547,724,지하,2,1,아이센터 출입문 옆,㈜한네트,05:00~24:00,080-023-5542,20251231,삭제
서울교통공사,S1,7호선,7,광명사거리역,0064,725,지하,2,1,"지하1층 대합실(4,5번 출구와 스마트도서관 사이)",㈜한네트,05:00~24:00,080-023-5542,20251231,삭제
서울교통공사,S1,7호선,7,천왕역,0545,726,지하,2,1,화장실 옆 벽면,㈜한네트,05:00~24:00,080-023-5542,20251231,
서울교통공사,S1,8호선,8,천호역,0546,801,지하,2,1,5호선 게이트 5~7번 출구방향 엔터식스몰 통로,㈜한네트,05:00~24:00,080-023-5542,20251231,
서울교통공사,S1,8호선,8,장지역,0504,802,지하,2,1,"대합실 끝 1, 2번출구방향",㈜한네트,05:00~24:00,080-023-5542,20251231,삭제
서울교통공사,S1,8호선,8,복정역,0238,803,지하,2,1,화장실 앞 기둥,㈜한네트,05:00~24:00,080-023-5542,20251231,
서울교통공사,S1,8호선,8,수진역,0342,804,지하,2,1,화장실 앞 기둥,㈜한네트,05:00~24:00,080-023-5542,20251231,
서해철도㈜,SW,서해선,WS,소사역(서울신대),0323,1,지하,2,1,(B1) 대합실 편의점 근처,한국전자금융㈜,04:25~00:50,1577-4655,20240430,
서해철도㈜,SW,서해선,WS,시흥대야역,1143,2,지하,2,1,"(B1) 대합실 편의점 근처, 2번 출입구 방향",한국전자금융㈜,05:00~00:00,1577-4655,20240430,
서해철도㈜,SW,서해선,WS,신천역,1144,3,지하,2,1,(B1) 3번 출입구 방향 CU편의점,한국전자금융㈜,04:30-24:50,1577-4655,20240430,
서해철도㈜,SW,서해선,WS,시흥능곡역,1147,4,지하,2,1,"(B1) 화장실 맞은편, CU 편의점 옆",한국전자금융㈜,04:30-24:50,1577-4655,20240430,
서해철도㈜,SW,서해선,WS,선부역,1149,5,지하,2,1,(B1) 하선승강장 게이트 옆 CU 편의점,한국전자금융㈜,04:30-24:50,1577-4655,20260316,
서해철도㈜,SW,서해선,WS,초지역,0559,6,지하,2,2,"(B2) 종점대합실 CU편의점, 5번 출입구 방향",한국전자금융㈜,04:30-24:50,1577-4656,20240430,
신분당선,DX,신분당선,D1,동천역,0168,1,지하,2,1,(B1) 대합실 → 1번 출입구 방향,은행공용,04:40~23:40,080-920-2220,20251231,
신분당선,DX,신분당선,D1,수지구청역,0341,2,지하,2,1,(B1) 대합실 2번 출입구 앞,은행공용 금융서비스,05:00~00:30,080-920-2220,20251231,
신분당선,DX,신분당선,D1,성복역,0313,3,지하,2,1,(B1) 대합실 고객안내센터 앞,노틸러스효성,05:30~00:30,080-920-2220,20251231,
신분당선,DX,신분당선,D1,상현,0283,4,지하,2,1,(B1) 1번 출구와 2번출구 사이 E/V #1 뒷편,노틸리스효성,05:30~00:30,080-920-2220,20251231,
신분당선,DX,신분당선,D1,광교중앙(아주대),0061,5,지하,2,2,(B2) 대합실 1번 출입구 방향,노틸러스 효성 ATM,05:00~00:30,080-920-2220,20251231,
신분당선,DX,신분당선,D1,광교(경기대),0060,6,지상,1,2,(2F) 대합실 2번 출입구 방향,노틸러스효성,05:30~00:30,080-920-2220,20251231,
인천교통공사,IC,인천1호선,I1,계양역,0045,1,지상,1,1,출입구 주변 화장실 근처,㈜한국전자금융,역개방시간,1577-4655,20251231,
인천교통공사,IC,인천1호선,I1,박촌역,0213,2,지하,2,1,"고객센터 맞은편, 4번 출입구 방향",㈜한국전자금융,역개방시간,1577-4655,20251231,
인천교통공사,IC,인천1호선,I1,임학역,0495,3,지하,2,1,송도달빛축제공원 방면 엘리베이터 근처,㈜한국전자금융,역개방시간,1577-4655,20251231,
인천교통공사,IC,인천1호선,I1,계산역,0044,4,지하,2,2,송도달빛축제공원 방면 엘리베이터 근처,㈜한국전자금융,역개방시간,1577-4655,20251231,
인천교통공사,IC,인천1호선,I1,경인교대입구역,0041,5,지하,2,2,송도달빛축제공원 방면 엘리베이터 근처,㈜한국전자금융,역개방시간,1577-4655,20251231,
인천교통공사,IC,인천1호선,I1,작전역,0496,6,지하,2,1,표 내는 곳 주변 편의점 근처,㈜한국전자금융,역개방시간,1577-4655,20251231,
인천교통공사,IC,인천1호선,I1,갈산역,0016,7,지하,2,1,4번 출입구 방면 엘리베이터 맞은편,㈜한국전자금융,역개방시간,1577-4655,20251231,
인천교통공사,IC,인천1호선,I1,부평구청역,0250,8,지하,2,1,화장실 입구 좌측,SC제일은행,역개방시간,1577-4655,20251231,
인천교통공사,IC,인천1호선,I1,부평시장역,0252,9,지하,2,1,"화장실 입구 우측, 4번 출입구 방향",SC제일은행,역개방시간,1577-4655,20251231,
인천교통공사,IC,인천1호선,I1,부평역,0249,10,지하,2,4,송도달빛축제공원 방면 승강장 5-3칸 맞은편,SC제일은행,역개방시간,1577-4655,20251231,
인천교통공사,IC,인천1호선,I1,동수역,0163,11,지하,2,1,화장실 근처,㈜한국전자금융,역개방시간,1577-4655,20251231,
인천교통공사,IC,인천1호선,I1,부평삼거리역,0251,12,지하,2,1,"고객센터 맞은편, 1번 출입구 방향",㈜한국전자금융,역개방시간,1577-4655,20251231,
인천교통공사,IC,인천1호선,I1,간석오거리역,0014,13,지하,2,2,표 사는 곳 맞은편,SC제일은행,역개방시간,1577-4655,20251231,
인천교통공사,IC,인천1호선,I1,인천시청역,0490,14,지하,2,3,고객센터 맞은편,㈜한국전자금융,역개방시간,1577-4655,20251231,
인천교통공사,IC,인천1호선,I1,예술회관역,0425,15,지하,2,2,계양방면 표 내는 곳 우측 25m,㈜한국전자금융,역개방시간,1577-4655,20251231,
인천교통공사,IC,인천1호선,I1,인천터미널역,0491,16,지하,2,1,계양방면 엘리베이터 근처,㈜한국전자금융,역개방시간,1577-4655,20251231,
인천교통공사,IC,인천1호선,I1,문학경기장역,0209,17,지하,2,1,2번 출입구 방향 기둥근처,㈜한국전자금융,역개방시간,1577-4655,20251231,
인천교통공사,IC,인천1호선,I1,선학역,0311,18,지하,2,1,"3,4번 출입구방향 좌측 벽면",㈜한국전자금융,역개방시간,1577-4655,20251231,
인천교통공사,IC,인천1호선,I1,신연수역,0368,19,지하,2,1,"1,2번 출입구방면 우측 벽면",㈜한국전자금융,역개방시간,1577-4655,20251231,
인천교통공사,IC,인천1호선,I1,원인재역,0458,20,지하,2,1,6번 출입구방면 벽면,㈜한국전자금융,24시간,1577-4655,20251231,
인천교통공사,IC,인천1호선,I1,동춘역,0169,21,지하,2,1,양방향 엘리베이터 중간 벽면,㈜한국전자금융,역개방시간,1577-4655,20251231,
인천교통공사,IC,인천1호선,I1,동막역,0160,22,지하,2,1,화장실 입구 우측,㈜한국전자금융,역개방시간,1577-4655,20251231,
인천교통공사,IC,인천1호선,I1,캠퍼스타운역,0565,23,지하,2,1,외부 화장실 입구 좌측,㈜한국전자금융,역개방시간,1577-4655,20251231,
인천교통공사,IC,인천1호선,I1,테크노파크역,0570,24,지하,2,1,외부 화장실 입구 좌측,㈜한국전자금융,역개방시간,1577-4655,20251231,
인천교통공사,IC,인천1호선,I1,지식정보단지역,0534,25,지하,2,1,만남의 광장 촤측,㈜한국전자금융,역개방시간,1577-4655,20251231,
인천교통공사,IC,인천1호선,I1,인천대입구역,0488,26,지하,2,1,외부 화장실 입구 좌측,㈜한국전자금융,역개방시간,1577-4655,20251231,
인천교통공사,IC,인천1호선,I1,센트럴파크역,0321,27,지하,2,1,외부 화장실 입구 우측,㈜한국전자금융,역개방시간,1577-4655,20251231,
인천교통공사,IC,인천2호선,I2,검단사거리역,0032,1,지하,2,1,표 사는 곳 맞은편 기둥,㈜한국전자금융,역개방시간,1577-4655,20251231,
인천교통공사,IC,인천2호선,I2,마전역,0183,2,지하,2,1,수유실 맞은편 기둥,㈜한국전자금융,역개방시간,1577-4655,20251231,
인천교통공사,IC,인천2호선,I2,완정역,0439,3,지하,2,1,표 내는 곳 뒷편 벽면,㈜한국전자금융,역개방시간,1577-4655,20251231,
인천교통공사,IC,인천2호선,I2,검암역,0035,4,지상,1,2,고객센터 맞은편 벽면,㈜한국전자금융,역개방시간,1577-4655,20251231,
인천교통공사,IC,인천2호선,I2,아시아드경기장역,0383,5,지하,2,1,"1,2번 출입구 방향",㈜한국전자금융,역개방시간,1577-4655,20251231,
인천교통공사,IC,인천2호선,I2,서구청역,0288,6,지하,2,1,화장실 입구,신한은행,역개방시간,1577-4655,20251231,
인천교통공사,IC,인천2호선,I2,가정역,0008,7,지하,2,1,"4번 출입구 방향, 화장실 맞은편",㈜한국전자금융,역개방시간,1577-4655,20251231,
인천교통공사,IC,인천2호선,I2,가정중앙시장역,0009,8,지하,2,1,고객센터 맞은편 1번 출입구 방향,㈜한국전자금융,역개방시간,1577-4655,20251231,
인천교통공사,IC,인천2호선,I2,석남역,0301,9,지하,2,1,고객센터 맞은편 1번 출입구 방향,㈜한국전자금융,역개방시간,1577-4655,20251231,
인천교통공사,IC,인천2호선,I2,인천가좌역,0483,10,지하,2,1,2번 출입구 방향 벽면,㈜한국전자금융,역개방시간,1577-4655,20251231,
인천교통공사,IC,인천2호선,I2,주안역,0519,11,지하,2,1,화장실 입구 우측,㈜한국전자금융,역개방시간,1577-4655,20251231,
인천교통공사,IC,인천2호선,I2,시민회관역,0346,12,지하,2,1,고객센터 좌측,㈜한국전자금융,역개방시간,1577-4655,20251231,
인천교통공사,IC,인천2호선,I2,모래내시장역,0202,13,지하,2,2,표 사는 곳 맞은편,㈜한국전자금융,역개방시간,1577-4655,20251231,
인천교통공사,IC,인천2호선,I2,만수역,0187,14,지하,2,1,"3,4번  출입구 엘리베이터 근처",㈜한국전자금융,역개방시간,1577-4655,20251231,
인천교통공사,IC,인천2호선,I2,인천대공원역,0487,15,지상,1,1,표 내는 곳 뒷편,㈜한국전자금융,역개방시간,1577-4655,20251231,
인천교통공사,IC,7호선,7,까치울역,0101,1,지하,2,1,표 내는 곳 좌측 I센터 근처,㈜한네트,역개방시간,02-2125-6000,20251231,
인천교통공사,IC,7호선,7,부천종합운동장역,0248,2,지하,2,1,화장실 앞,㈜한네트,역개방시간,02-2125-6000,20251231,
인천교통공사,IC,7호선,7,춘의역,0561,3,지하,2,1,화단 앞,㈜한네트,역개방시간,02-2125-6000,20251231,
인천교통공사,IC,7호선,7,신중동역,0374,4,지하,2,1,대합실 분수대 우측,㈜한네트,역개방시간,02-2125-6000,20251231,
인천교통공사,IC,7호선,7,부천시청역,0247,5,지하,2,1,표 내는 곳 좌측,㈜한네트,역개방시간,02-2125-6000,20251231,
인천교통공사,IC,7호선,7,상동역,0274,6,지하,2,1,표 내는 곳 우측 상가 옆,㈜한네트,역개방시간,02-2125-6000,20251231,
인천교통공사,IC,7호선,7,삼산체육관역,0265,7,지하,2,1,"4,5번 출입구 중간",㈜한네트,역개방시간,02-2125-6000,20251231,
인천교통공사,IC,7호선,7,굴포천역,0085,8,지하,2,1,고객상담실 근처,㈜한네트,역개방시간,02-2125-6000,20251231,
인천교통공사,IC,7호선,7,부평구청역,0250,9,지하,2,1,고객상담실 방향 수유실 근처,㈜한네트,역개방시간,02-2125-6000,20251231,
인천교통공사,IC,7호선,7,산곡역,1352,10,지하,2,1,고객안내센터 앞,㈜한네트,역개방시간,02-2125-6000,20251231,
인천교통공사,IC,7호선,7,석남역,0301,11,지하,2,4,표 내는 곳 좌측,㈜한네트,역개방시간,02-2125-6000,20251231,
㈜SR,SR,GTX-A,A,동탄,1137,1,지하,2,4,(B4) 대합실 승차권 키오스크 인근,우리은행,09:00~23:00,02-2226-0333,20240508,"동탄역은 ㈜SR에서 
위탁운영중"
코레일,KR,1호선,1,간석역,0013,1,지상,1,1,2번출구 북광장 계단 옆,IBK기업은행,24시간,1577-4655,20231230,
코레일,KR,분당선,K1,강남구청역,0018,2,지하,2,1,3번 출구 방향,KB국민은행,09:00~23:00,1577-4656,20220604,
코레일,KR,경강선,K5,경기광주,0037,3,지상,1,1,(1F)1번 출입구 방풍실 내,한국전자금융,05:00~00:00,1577-4655,20231216,
코레일,KR,4호선,4,고잔역,0049,4,지상,1,1,2번출구 옆,IBK기업은행,00:00~23:59,1577-4655,20231215,
코레일,KR,1호선,1,광명,0063,5,지상,1,1,(1F) 서편 3번 출입구,우리은행,05:00~25:00,02-899-3286,20260124,
코레일,KR,1호선,1,광명,0063,6,지상,1,1,(1F) 동편 6번 출입구,우리은행,05:00~25:00,02-899-3286,20260124,
코레일,KR,1호선,1,광명,0063,7,지상,1,1,(1F) 서편 2번 출입구,우리은행,05:00~25:00,02-899-3286,20260124,
코레일,KR,1호선,1,구로역,0069,8,지상,1,3,(3F)맞이방 엘리베이터 옆,은행공통365코너,05:00~00:00,1577-4655,20260123,
코레일,KR,수인선,K1,남동인더스파크,0105,9,지상,1,1,2번 출입구 밖 광장,IBK 기업은행,00:00~24:00,1577-4655,20260125,
코레일,KR,1호선,1,당정역,0127,10,지상,1,1,(1F) 3번 출입구 방향,IBK기업은행,24시간,1577-4655,20230508,
코레일,KR,대경선,K7,대구,0764,11,지상,1,3,맞이방 여자화장실 옆,"iM뱅크(구,대구은행)",05:00~24:00,1588-5050,20260126,
코레일,KR,1호선,1,대방,0132,12,지상,1,1,(F1)역광장,IBK기업은행,00:00~24:00,1588-2588,20231217,
코레일,KR,대경선,K7,동대구,0769,13,지상,1,3,(대구은행) 3번 출입구 밖(우리은행) 4번 출입구 앞,"(대구은행) 3번 출입구 밖
(우리은행) 4번 출입구 앞",00:00~24:00,"1588-3118,1588-3365",20260123,
코레일,KR,1호선,1,동암역,0164,14,지상,1,1,1층 맞이방1번출구 엘리베이터 옆,신한은행,07:00~23:30,02-736-9521,20260123,
코레일,KR,1호선,1,동암역,0164,15,지상,1,1,1층 맞이방 중앙,한국전자금융,07:00~23:00,1577-4655,20260123,
코레일,KR,4호선,4,반월,0214,16,지상,1,1,(1F) 1번 출입구 앞 광장 옆,신한은행,07:00~23:30,1544-7474,20260123,
코레일,KR,1호선,1,병점(한신대),0231,17,지상,1,2,(2F) 1번 출입구 방향,한국전자금융 ATM,00:00~23:59,1577-4655,20231220,
코레일,KR,동해선,K6,부전,0690,18,지상,1,2,(2F) 맞이방 고객대기실 옆,새마을금고,00:00~23:59,051-809-7980,20230501,
코레일,KR,동해선,K6,부전,0690,19,지상,1,2,(2F) 맞이방 고객대기실 옆,새마을금고,00:00~23:59,051-809-7980,20230501,
코레일,KR,1호선,1,부천역,0246,20,지상,1,3,(3) 3층 1번출구 근처 맞이방,한국전자금융,00:00~24:00,1577-4655,20260123,
코레일,KR,1호선,1,부평역,0249,21,지상,1,2,"(2) 롯데마트 출입구 옆, 3번 출입구 방향",한국전자금융(주),00:00~24:00,1577-4655,20260123,
코레일,KR,1호선,1,부평역,0249,22,지하,2,2,(B2) 지하 맞이방,한국전자금융(주),00:00~24:00,1577-4655,20260123,
코레일,KR,4호선,4,산본,0260,23,지상,1,2,(2F) 고객 이용 십자통로 중앙 쪽 랄라블라 매장 앞,IBK기업은행,24시간운영,1577-4655,20231219,
코레일,KR,4호선,4,상록수역(안산대학교),0275,24,지상,1,1,역 앞 광장 중간,IBK기업은행,00:00~24:00,080-920-2220,20231215,
코레일,KR,대경선,K7,서대구,1380,25,지상,1,3,(3F) 2번 출구 식당 부근,대구은행,07:00~24:00,1588-3118,20260122,
코레일,KR,분당선,K1,서울숲,0295,26,지하,2,1,디타워 연결 통로(4번 출입구 방향),KB국민은행,07:00~23:30,1588-9999,20230515,
코레일,KR,분당선,K1,서울숲,0295,27,지하,2,1,디타워 연결 통로(4번 출입구 방향),우리은행,07:00~23:30,1577-4655,20230515,
코레일,KR,분당선,K1,서울숲,0295,28,지하,2,1,디타워 연결 통로(4번 출입구 방향),하나은행,07:00~23:30,1577-4655,20230515,
코레일,KR,분당선,K1,서울숲,0295,29,지하,2,1,디타워 연결 통로(4번 출입구 방향),신한은행,07:00~23:30,1577-8000,20230515,
코레일,KR,1호선,1,서정리역,0297,30,지상,1,1,1층 1번출구 계단 초입,IBK기업은행,24시간,1577-4655,20231220,
코레일,KR,분당선,K1,선정릉역,0309,31,지하,2,1,지하 1층 3번~4번 출입구  화장실 입구,IBK기업은행,24시간(역영업시간),1577-4655,20231215,
코레일,KR,1호선,1,성균관대,0312,32,지상,1,3,(3F) 코레일유통상가 에스켈레이터 옆,NH 농협은행,07:00~22:00,1577-4655,20260123,
코레일,KR,1호선,1,세류역,0318,33,지상,1,1,(1층) 1번 출입구 택시정류장 우측,IBK기업은행,24시간,1577-4655,20231215,
코레일,KR,1호선,1,세마,0319,34,지상,1,1,1번출구 밖,기업은행,09:00~23:00,1577-4655,20231217,23년7월 철거
코레일,KR,수인선,K1,소래포구,0322,35,지상,1,1,(1F) 2번출구 옆,IBK기업은행,00:00~24:00,1577-4655,20260125,
코레일,KR,1호선,1,송내,0327,36,지상,1,2,"(2F) 남쪽 화장실 근처, 1번 출입구 방향",한국전자금융,00:00~24:00,1577-4655,20260123,
코레일,KR,수인선,K1,송도,0328,37,지상,1,1,(1F) 1번 출입구 앞,IBK기업은행,00:00~24:00,1577-4655,20260125,
코레일,KR,1호선,1,송탄역,0331,38,지상,1,2,(2층) 맞이방,한국전자금융,00:00~23:59,1577-4655,20231217,
코레일,KR,1호선,1,송탄역,0331,39,지상,1,2,"(2층) 광장, 5번 출입구 방향",기업은행,00:00~23:59,1566-2566,20231217,
코레일,KR,1호선,1,수원역,0338,40,지하,2,1,(B1) 4번출구,한국전자금융㈜,24시간,1577-4655,20260123,
코레일,KR,1호선,1,수원역,0338,41,지하,2,1,(B1) 11.12.13번출구방면,한국전자금융㈜,24시간,1577-4655,20260123,
코레일,KR,1호선,1,수원역,0338,42,지상,1,2,(1F) 전철하행 게이트 자동발매기 옆,한국전자금융㈜,04:30~00:30,1577-4655,20260123,
코레일,KR,1호선,1,수원역,0338,43,지상,1,3,(3F) 국민은행,KB국민은행,04:30~00:30,1566-0022,20260123,
코레일,KR,1호선,1,신길역,0351,44,지상,1,2,(2F)1번출구 오른쪽,기업은행,00:00~24:00,1588-2588,20230507,23.6.30. 운영종료예정
코레일,KR,경의중앙선,K4,신촌역,0376,45,지상,1,2,(2층) 출입구 맞은편 1번 계단 옆,하나은행,24시간가능,1588-1111,20260124,
코레일,KR,1호선,1,안양,0390,46,지상,1,2,2층 역사 밖 연결통로 신한은행 부스,신한은행,07:00~23:30,080-850-1212,20260123,비상통화장치 은행 자체 운영
코레일,KR,분당선,K1,압구정로데오,0393,47,지하,2,1,(B1) 표 내는 곳 맞은편,IBK기업은행,04:30~00:20,1588-2588,20220604,
코레일,KR,1호선,1,역곡역,0414,48,지상,1,2,(2F)맞이방 방범셔터 안,한국전자금융,05:00~24:00,1577-4655,20260123,
코레일,KR,수인선,K1,연수역,0417,49,지상,1,1,남쪽광장 1번출구 (좌측) 벽면,IBK기업은행,00:00~24:00,1577-4655,20260125,
코레일,KR,1호선,1,영등포,0420,50,지하,2,1,"(B1) 맞이방 화장실 옆, 6번 출입구 방향",우리은행,05:00~24:00,1577-4655,20260123,
코레일,KR,1호선,1,영등포,0420,51,지하,2,1,"(B1) 맞이방 화장실 옆, 6번 출입구 방향",우리은행,05:00~24:00,1577-4655,20260123,
코레일,KR,1호선,1,오산,0431,52,지상,1,2,대합실 1번출구 방향 여자화장실 옆,한국전자금융(은행공동운영),00:00~23:59,1577-4655,20260123,
코레일,KR,1호선,1,오산대역,0432,53,지상,1,1,(1F) 2번 출입구,IBK기업은행,00:00~23:59,1577-4655,20231220,
코레일,KR,4호선,4,오이도역,0433,54,지상,1,1,(1층) 2번출구 서광장 앞,한국전자금융(기업은행),00:00~24:00,1577-4655,20231215,
코레일,KR,1호선,1,온수역,0435,55,지상,1,1,(1F) 3번 출구 방향,IBK 기업은행,24시간,1577-4655,20220607,한국전자금융
코레일,KR,1호선,1,온양온천역,0437,56,지상,1,1,"(F1) 엘리베이터5호기 근처, 1번 출입구 방향",우리은행,06:00~23:30,1588-3365,20251231,
코레일,KR,1호선,1,용산역,0447,57,지상,1,3,"(3F)맞이방 광역사무실 옆, 광역 개집표구 근처",NH농협은행,05:00~24:00,1577-4655,20260120,
코레일,KR,수인선,K1,원인재역,0458,58,지상,1,1,4번출구 외부우측,IBK기업은행,24시간,1577-4655,20260125,
코레일,KR,수인선,K1,월곶역,0461,59,지상,1,1,(1F) 1번출구 광장 왼쪽,IBK기업은행,09:00~23:00,1577-4655,20260125,
코레일,KR,1호선,1,의왕역,0469,60,지상,1,1,(F1) 2번 출입구 자전거보관소 옆,기업은행,00:00~24:00,1577-4655,20220615,
코레일,KR,수인선,K1,인천논현,0486,61,지상,1,1,(1F) 3번출구계단 아래 쪽,기업은행,24시간,1588-2588,20260125,
코레일,KR,4호선,4,정왕,0510,62,지상,1,1,(1F) 맞이방 이동통로 중앙,한국전자금융NICE,00:00~23:59,1577-4655,20260123,
코레일,KR,수인선,K1,정왕,0510,63,지상,1,1,(1F) 맞이방 이동통로 중앙,한국전자금융NICE,00:00~23:59,1577-4655,20260123,
코레일,KR,1호선,1,주안,0519,64,지상,1,2,선상 맞이방,한국전자금융,09:00~23:00,02-2122-5545,20260124,
코레일,KR,1호선,1,중동역,0526,65,지상,1,1,2번출구 북광장,IBK기업은행,24시간,1577-4655,20220603,
코레일,KR,1호선,1,직산,0539,66,지상,1,2,엘리베이터 2호기와 3호기 사이,농협,06:00~24:00,041-583-3750,20251231,
코레일,KR,경강선,K5,판교,0574,67,지하,2,2,(B2) 맞이방 1번 출입구 방향,웰컴저축은행,24시간,1577-4655,20230505,
코레일,KR,1호선,1,평택역,0579,68,지상,1,3,(3F) 여자화장실 앞,IBK기업은행,00:00~23:59,1577-4655,20231220,
코레일,KR,1호선,1,평택지제(한경국립대),0535,69,지상,1,2,SRT대합실 내 편의점  (7-eleven),LOTFEATM,09:00-23:00,1566-9493,20230509,
코레일,KR,수인선,K1,호구포,0595,70,지상,1,1,(1F) 2번출입구 우측 도보 50M,기업은행,24시간,1577-4655,20260125,
코레일,KR,1호선,1,화서역,0601,71,지상,1,1,(1) 역사 외부 3번/4번 출입구 사이,기업은행,24시간,1577-4655,20230508,
